clock (30 min),Day,Total TNF (pg),Total IL1b (pg),Total TGF (pg),Collagen (ug),Aggrecan (ug),Activated Chondrocytes,Total Chondrocytes, Elastic Modulus (kPa) , Swelling Ratio , Mass Loss (%) , Alginate_wv (%), Alginate_Mw (kDa), Ca_XL (M), Viability Rate (%)
0,0,0,0,0,0.00000,0.00000,0,26,2.60897 , 29.41105, 0.00000,2.00000,1500.00000,0.01400,97.00000
1,0.0208333,0,0,0,0.00000,0.00000,0,26,2.60897 , 0.00000, 0.34572,2.00000,1500.00000,0.01400,94.61790
2,0.0416667,0,0,0,0.00000,0.00000,7,26,2.60897 , 0.00000, 0.34845,2.00000,1500.00000,0.01400,95.12535
3,0.0625,35,14,70,0.00000,0.00000,9,26,2.60897 , 0.00000, 0.35117,2.00000,1500.00000,0.01400,95.42219
4,0.0833333,45.8195,23.303,111,0.10700,0.14700,13,26,2.60897 , 0.00000, 0.35390,2.00000,1500.00000,0.01400,95.63280
5,0.104167,65,26,130,0.10700,0.14700,17,26,2.60897 , 0.00000, 0.35663,2.00000,1500.00000,0.01400,95.79617
6,0.125,86.5219,43.8485,209,0.23000,0.36800,18,25,2.60897 , 0.00000, 0.35936,2.00000,1500.00000,0.01400,95.92964
7,0.145833,90.4995,38.4024,192.834,0.23000,0.36800,20,25,2.60897 , 0.00000, 0.36209,2.00000,1500.00000,0.01400,96.04250
8,0.166667,102.103,52.975,254.891,0.30300,0.51100,20,25,2.60897 , 0.00000, 0.36482,2.00000,1500.00000,0.01400,96.14026
9,0.1875,101.336,46.5665,235.336,0.30300,0.51100,20,25,2.60897 , 0.00000, 0.36754,2.00000,1500.00000,0.01400,96.22649
10,0.208333,102.21,52.569,259.435,0.30800,0.52300,20,25,2.60897 , 0.00000, 0.37027,2.00000,1500.00000,0.01400,96.30362
11,0.229167,102.144,50.701,257.868,0.30800,0.52300,23,25,2.60897 , 0.00000, 0.37300,2.00000,1500.00000,0.01400,96.37340
12,0.25,112.082,54.8085,277.742,0.33100,0.58200,23,26,2.60897 , 0.00000, 0.37573,2.00000,1500.00000,0.01400,96.43710
13,0.270833,117.087,56.6417,287.928,0.33100,0.58200,23,26,2.60897 , 0.00000, 0.37846,2.00000,1500.00000,0.01400,96.49570
14,0.291667,117.546,59.6643,299.94,0.35400,0.61200,24,26,2.60897 , 0.00000, 0.38119,2.00000,1500.00000,0.01400,96.54995
15,0.3125,122.202,59.233,301.144,0.35400,0.61200,25,26,2.60897 , 0.00000, 0.38391,2.00000,1500.00000,0.01400,96.60046
16,0.333333,127.662,64.2551,323.158,0.37600,0.64000,25,26,2.60897 , 0.00000, 0.38664,2.00000,1500.00000,0.01400,96.64771
17,0.354167,127.56,63.1819,320.572,0.37600,0.64000,26,26,2.60897 , 0.00000, 0.38937,2.00000,1500.00000,0.01400,96.69209
18,0.375,132.784,66.5235,336.808,0.38800,0.66200,25,25,2.60897 , 0.00000, 0.39210,2.00000,1500.00000,0.01400,96.73394
19,0.395833,127.666,63.7641,323.805,0.38800,0.66200,25,25,2.60897 , 0.00000, 0.39483,2.00000,1500.00000,0.01400,96.77352
20,0.416667,127.782,64.3549,327.023,0.39500,0.67700,25,25,2.60897 , 0.00000, 0.39756,2.00000,1500.00000,0.01400,96.81107
21,0.4375,127.772,64.345,327.033,0.39500,0.67700,25,25,2.60897 , 0.00000, 0.40028,2.00000,1500.00000,0.01400,96.84679
22,0.458333,127.896,64.9441,330.238,0.39500,0.67700,25,25,2.60897 , 0.00000, 0.40301,2.00000,1500.00000,0.01400,96.88085
23,0.479167,127.895,64.7789,330.46,0.39500,0.67700,25,25,2.60897 , 0.00000, 0.40574,2.00000,1500.00000,0.01400,96.91339
24,0.5,127.886,64.7689,330.471,0.39500,0.67700,24,24,2.60897 , 0.00000, 0.40847,2.00000,1500.00000,0.01400,96.94455
25,0.520833,122.77,62.1768,317.247,0.39500,0.67700,24,24,2.60897 , 0.00000, 0.41120,2.00000,1500.00000,0.01400,96.97443
26,0.541667,112.539,56.9954,290.81,0.39500,0.67700,22,26,2.60897 , 0.00000, 0.41393,2.00000,1500.00000,0.01400,97.00315
27,0.5625,112.539,56.9954,290.81,0.39500,0.67700,23,26,2.60897 , 0.00000, 0.41665,2.00000,1500.00000,0.01400,97.03078
28,0.583333,117.539,58.9954,300.81,0.40200,0.69000,25,26,2.60897 , 0.00000, 0.41938,2.00000,1500.00000,0.01400,97.05740
29,0.604167,127.539,62.9954,320.81,0.40200,0.69000,25,26,2.60897 , 0.00000, 0.42211,2.00000,1500.00000,0.01400,97.08309
30,0.625,127.89,65.2681,329.81,0.42600,0.71700,23,24,2.60897 , 0.00000, 0.42484,2.00000,1500.00000,0.01400,97.10791
31,0.645833,117.433,58.4146,297.581,0.42600,0.71700,23,24,2.60897 , 0.00000, 0.42757,2.00000,1500.00000,0.01400,97.13192
32,0.666667,112.543,57.3307,290.377,0.43200,0.74100,22,25,2.60897 , 0.00000, 0.43030,2.00000,1500.00000,0.01400,97.15516
33,0.6875,112.433,56.4144,287.582,0.43200,0.74100,23,25,2.60897 , 0.00000, 0.43302,2.00000,1500.00000,0.01400,97.17769
34,0.708333,117.541,59.1638,300.596,0.43200,0.74100,23,25,2.60897 , 0.00000, 0.43575,2.00000,1500.00000,0.01400,97.19955
35,0.729167,117.666,59.7627,303.8,0.43200,0.74100,23,25,2.60897 , 0.00000, 0.43848,2.00000,1500.00000,0.01400,97.22076
36,0.75,117.664,59.5975,304.023,0.43200,0.74100,23,25,2.60897 , 0.00000, 0.44121,2.00000,1500.00000,0.01400,97.24139
37,0.770833,117.655,59.5875,304.033,0.43200,0.74100,23,25,2.60897 , 0.00000, 0.44394,2.00000,1500.00000,0.01400,97.26145
38,0.791667,107.424,54.4045,277.592,0.43200,0.74100,22,27,2.60897 , 0.00000, 0.44667,2.00000,1500.00000,0.01400,97.28098
39,0.8125,112.424,56.4047,287.591,0.43200,0.74100,22,27,2.60897 , 0.00000, 0.44939,2.00000,1500.00000,0.01400,97.29999
40,0.833333,112.541,57.1622,290.591,0.43200,0.74100,22,27,2.60897 , 0.00000, 0.45212,2.00000,1500.00000,0.01400,97.31853
41,0.854167,112.548,57.0053,290.8,0.43200,0.74100,23,27,2.60897 , 0.00000, 0.45485,2.00000,1500.00000,0.01400,97.33660
42,0.875,112.424,56.4062,287.596,0.44600,0.75700,22,28,2.60897 , 0.00000, 0.45758,2.00000,1500.00000,0.01400,97.35425
43,0.895833,112.424,56.4045,287.592,0.44600,0.75700,24,28,2.60897 , 0.00000, 0.46031,2.00000,1500.00000,0.01400,97.37148
44,0.916667,122.541,61.1622,310.591,0.45600,0.76800,24,28,2.60897 , 0.00000, 0.46304,2.00000,1500.00000,0.01400,97.38831
45,0.9375,122.658,61.9198,313.591,0.45600,0.76800,25,28,2.60897 , 0.00000, 0.46576,2.00000,1500.00000,0.01400,97.40475
46,0.958333,127.79,64.3634,327.008,0.47200,0.79300,26,28,2.60897 , 0.00000, 0.46849,2.00000,1500.00000,0.01400,97.42085
47,0.979167,132.655,65.5891,334.037,0.47200,0.79300,28,28,2.60897 , 0.00000, 0.47122,2.00000,1500.00000,0.01400,97.43659
48,1,143.006,71.8586,363.03,0.48900,0.82500,27,27,2.60897 , 0.00000, 0.47395,2.00000,1500.00000,0.01400,97.45200
49,1.02083,137.789,68.1965,347.227,0.48900,0.82500,27,27,2.60897 , 0.00000, 0.47668,2.00000,1500.00000,0.01400,97.46710
50,1.04167,138.122,70.4526,356.256,0.48900,0.82500,27,27,2.60897 , 0.00000, 0.47941,2.00000,1500.00000,0.01400,97.48189
51,1.0625,138.145,69.9783,356.874,0.48900,0.82500,27,27,2.60897 , 0.00000, 0.48213,2.00000,1500.00000,0.01400,97.49638
52,1.08333,133.002,67.3627,343.697,0.48900,0.82500,26,28,2.60897 , 0.00000, 0.48486,2.00000,1500.00000,0.01400,97.51060
53,1.10417,133.001,67.3578,343.686,0.48900,0.82500,27,28,2.60897 , 0.00000, 0.48759,2.00000,1500.00000,0.01400,97.52455
54,1.125,138.001,69.3581,353.685,0.48900,0.82500,26,26,2.60897 , 0.00000, 0.49032,2.00000,1500.00000,0.01400,97.53823
55,1.14583,132.887,66.9343,340.247,0.48900,0.82500,26,26,2.60897 , 0.00000, 0.49305,2.00000,1500.00000,0.01400,97.55167
56,1.16667,127.896,64.9442,330.237,0.49900,0.83600,25,27,2.60897 , 0.00000, 0.49578,2.00000,1500.00000,0.01400,97.56486
57,1.1875,127.77,64.1783,327.252,0.49900,0.83600,25,27,2.60897 , 0.00000, 0.49850,2.00000,1500.00000,0.01400,97.57781
58,1.20833,122.772,62.3435,317.029,0.49900,0.83600,25,28,2.60897 , 0.00000, 0.50123,2.00000,1500.00000,0.01400,97.59055
59,1.22917,127.895,64.7773,330.456,0.49900,0.83600,25,28,2.60897 , 0.00000, 0.50396,2.00000,1500.00000,0.01400,97.60307
60,1.25,127.888,64.7828,336.907,0.49900,0.83600,25,28,2.60897 , 0.00000, 0.50669,2.00000,1500.00000,0.01400,97.61536
61,1.27083,127.843,64.5495,337.55,0.49900,0.83600,26,28,2.60897 , 0.00000, 0.50942,2.00000,1500.00000,0.01400,97.62746
62,1.29167,122.512,60.8752,314.362,0.50500,0.85300,25,30,2.60897 , 0.00000, 0.51215,2.00000,1500.00000,0.01400,97.63937
63,1.3125,127.598,63.3355,324.357,0.50500,0.85300,27,30,2.60897 , 0.00000, 0.51487,2.00000,1500.00000,0.01400,97.65108
64,1.33333,132.761,66.5033,343.223,0.50800,0.85400,27,31,2.60897 , 0.00000, 0.51760,2.00000,1500.00000,0.01400,97.66261
65,1.35417,137.863,68.7357,357.294,0.50800,0.85400,28,31,2.60897 , 0.00000, 0.52033,2.00000,1500.00000,0.01400,97.67397
66,1.375,142.958,71.298,370.565,0.52600,0.88400,29,31,2.60897 , 0.00000, 0.52306,2.00000,1500.00000,0.01400,97.68514
67,1.39583,147.831,72.5268,377.564,0.52600,0.88400,30,31,2.60897 , 0.00000, 0.52579,2.00000,1500.00000,0.01400,97.69615
68,1.41667,153.093,76.3284,389.793,0.53900,0.90800,30,31,2.60897 , 0.00000, 0.52852,2.00000,1500.00000,0.01400,97.70700
69,1.4375,153.203,76.3189,390.418,0.53900,0.90800,30,31,2.60897 , 0.00000, 0.53124,2.00000,1500.00000,0.01400,97.71769
70,1.45833,153.455,78.0521,402.548,0.53900,0.90800,31,31,2.60897 , 0.00000, 0.53397,2.00000,1500.00000,0.01400,97.72822
71,1.47917,158.438,79.5219,413.607,0.53900,0.90800,31,31,2.60897 , 0.00000, 0.53670,2.00000,1500.00000,0.01400,97.73860
72,1.5,158.526,80.2416,416.668,0.54800,0.92200,30,30,2.60897 , 0.00000, 0.53943,2.00000,1500.00000,0.01400,97.74885
73,1.52083,153.292,76.8881,400.434,0.54800,0.92200,30,30,2.60897 , 0.00000, 0.54216,2.00000,1500.00000,0.01400,97.75894
74,1.54167,143.176,72.2977,377.213,0.54800,0.92200,28,32,2.60897 , 0.00000, 0.54489,2.00000,1500.00000,0.01400,97.76891
75,1.5625,143.176,72.2978,377.213,0.54800,0.92200,30,32,2.60897 , 0.00000, 0.54761,2.00000,1500.00000,0.01400,97.77873
76,1.58333,148.061,73.7071,383.994,0.54800,0.92200,31,33,2.60897 , 0.00000, 0.55034,2.00000,1500.00000,0.01400,97.78843
77,1.60417,158.295,79.2223,409.994,0.54800,0.92200,31,33,2.60897 , 0.00000, 0.55307,2.00000,1500.00000,0.01400,97.79800
78,1.625,158.545,80.4234,416.411,0.55800,0.94000,31,33,2.60897 , 0.00000, 0.55580,2.00000,1500.00000,0.01400,97.80744
79,1.64583,158.418,79.4922,413.648,0.55800,0.94000,31,33,2.60897 , 0.00000, 0.55853,2.00000,1500.00000,0.01400,97.81677
80,1.66667,153.409,77.6474,403.437,0.55800,0.94000,31,34,2.60897 , 0.00000, 0.56126,2.00000,1500.00000,0.01400,97.82598
81,1.6875,158.416,79.4889,413.641,0.55800,0.94000,32,34,2.60897 , 0.00000, 0.56398,2.00000,1500.00000,0.01400,97.83508
82,1.70833,158.409,79.6476,413.436,0.57000,0.95200,31,35,2.60897 , 0.00000, 0.56671,2.00000,1500.00000,0.01400,97.84406
83,1.72917,158.416,79.489,413.641,0.57000,0.95200,31,35,2.60897 , 0.00000, 0.56944,2.00000,1500.00000,0.01400,97.85293
84,1.75,158.525,80.2383,416.654,0.57000,0.95200,32,35,2.60897 , 0.00000, 0.57217,2.00000,1500.00000,0.01400,97.86170
85,1.77083,163.532,82.0797,426.859,0.57000,0.95200,33,35,2.60897 , 0.00000, 0.57490,2.00000,1500.00000,0.01400,97.87036
86,1.79167,168.64,84.829,439.873,0.58500,0.98100,33,35,2.60897 , 0.00000, 0.57763,2.00000,1500.00000,0.01400,97.87892
87,1.8125,168.522,84.0698,436.869,0.58500,0.98100,34,35,2.60897 , 0.00000, 0.58035,2.00000,1500.00000,0.01400,97.88739
88,1.83333,168.669,85.1152,436.105,0.59000,0.99100,33,36,2.60897 , 0.00000, 0.58308,2.00000,1500.00000,0.01400,97.89575
89,1.85417,168.676,84.9539,432.931,0.59000,0.99100,32,35,2.60897 , 0.00000, 0.58581,2.00000,1500.00000,0.01400,97.90403
90,1.875,163.698,83.0704,422.766,0.59000,0.99100,30,33,2.60897 , 0.00000, 0.58854,2.00000,1500.00000,0.01400,97.91221
91,1.89583,153.472,77.7318,396.549,0.59000,0.99100,31,33,2.60897 , 0.00000, 0.59127,2.00000,1500.00000,0.01400,97.92030
92,1.91667,153.463,77.7226,396.563,0.59000,0.99100,31,34,2.60897 , 0.00000, 0.59400,2.00000,1500.00000,0.01400,97.92830
93,1.9375,158.465,79.7347,412.997,0.59000,0.99100,32,34,2.60897 , 0.00000, 0.59672,2.00000,1500.00000,0.01400,97.93621
94,1.95833,163.537,82.2607,426.642,0.60000,1.00700,34,34,2.60897 , 0.00000, 0.59945,2.00000,1500.00000,0.01400,97.94405
95,1.97917,173.525,86.2382,446.662,0.60000,1.00700,34,34,2.60897 , 0.00000, 0.60218,2.00000,1500.00000,0.01400,97.95179
96,2,173.883,88.3523,455.861,0.60900,1.02400,33,33,2.60897 , 0.00000, 0.60491,2.00000,1500.00000,0.01400,97.95946
97,2.02083,168.648,84.672,440.082,0.60900,1.02400,33,33,2.60897 , 0.00000, 0.60764,2.00000,1500.00000,0.01400,97.96704
98,2.04167,168.755,85.4196,443.092,0.61600,1.03300,33,33,2.60897 , 0.00000, 0.61037,2.00000,1500.00000,0.01400,97.97455
99,2.0625,168.638,84.6605,440.088,0.61600,1.03300,33,33,2.60897 , 0.00000, 0.61309,2.00000,1500.00000,0.01400,97.98199
100,2.08333,163.639,82.8275,429.869,0.62300,1.04500,32,34,2.60897 , 0.00000, 0.61582,2.00000,1500.00000,0.01400,97.98934
101,2.10417,163.522,82.0699,426.869,0.62300,1.04500,32,34,2.60897 , 0.00000, 0.61855,2.00000,1500.00000,0.01400,97.99663
102,2.125,158.524,80.2368,416.65,0.62300,1.04500,31,35,2.60897 , 0.00000, 0.62128,2.00000,1500.00000,0.01400,98.00384
103,2.14583,158.532,80.0798,416.859,0.62300,1.04500,32,35,2.60897 , 0.00000, 0.62401,2.00000,1500.00000,0.01400,98.01098
104,2.16667,163.523,82.0714,426.873,0.62300,1.04500,32,35,2.60897 , 0.00000, 0.62674,2.00000,1500.00000,0.01400,98.01806
105,2.1875,163.64,82.8274,429.869,0.62300,1.04500,32,35,2.60897 , 0.00000, 0.62946,2.00000,1500.00000,0.01400,98.02506
106,2.20833,163.647,82.6705,430.077,0.62300,1.04500,33,35,2.60897 , 0.00000, 0.63219,2.00000,1500.00000,0.01400,98.03200
107,2.22917,168.638,84.6621,440.092,0.62300,1.04500,33,35,2.60897 , 0.00000, 0.63492,2.00000,1500.00000,0.01400,98.03887
108,2.25,168.755,85.4181,443.088,0.62300,1.04500,34,35,2.60897 , 0.00000, 0.63765,2.00000,1500.00000,0.01400,98.04568
109,2.27083,173.763,87.2612,453.296,0.62300,1.04500,34,35,2.60897 , 0.00000, 0.64038,2.00000,1500.00000,0.01400,98.05243
110,2.29167,173.871,88.0104,456.31,0.62900,1.05700,34,35,2.60897 , 0.00000, 0.64311,2.00000,1500.00000,0.01400,98.05912
111,2.3125,173.753,87.2512,453.306,0.62900,1.05700,34,35,2.60897 , 0.00000, 0.64583,2.00000,1500.00000,0.01400,98.06574
112,2.33333,173.87,88.0089,456.306,0.62900,1.05700,34,35,2.60897 , 0.00000, 0.64856,2.00000,1500.00000,0.01400,98.07231
113,2.35417,173.878,87.8519,456.515,0.62900,1.05700,34,35,2.60897 , 0.00000, 0.65129,2.00000,1500.00000,0.01400,98.07882
114,2.375,168.754,85.2528,443.31,0.62900,1.05700,32,35,2.60897 , 0.00000, 0.65402,2.00000,1500.00000,0.01400,98.08527
115,2.39583,163.638,82.6605,430.088,0.62900,1.05700,32,35,2.60897 , 0.00000, 0.65675,2.00000,1500.00000,0.01400,98.09166
116,2.41667,163.638,82.6606,430.087,0.62900,1.05700,33,35,2.60897 , 0.00000, 0.65948,2.00000,1500.00000,0.01400,98.09800
117,2.4375,168.638,84.6606,440.087,0.62900,1.05700,33,35,2.60897 , 0.00000, 0.66220,2.00000,1500.00000,0.01400,98.10429
118,2.45833,163.639,82.8275,429.869,0.62900,1.05700,34,36,2.60897 , 0.00000, 0.66493,2.00000,1500.00000,0.01400,98.11051
119,2.47917,173.647,86.6705,450.077,0.62900,1.05700,34,36,2.60897 , 0.00000, 0.66766,2.00000,1500.00000,0.01400,98.11669
120,2.5,173.873,88.1773,456.092,0.62900,1.05700,34,35,2.60897 , 0.00000, 0.67039,2.00000,1500.00000,0.01400,98.12282
121,2.52083,173.684,86.8011,446.522,0.62900,1.05700,34,35,2.60897 , 0.00000, 0.67312,2.00000,1500.00000,0.01400,98.12890
122,2.54167,168.755,85.4126,436.332,0.62900,1.05700,34,36,2.60897 , 0.00000, 0.67585,2.00000,1500.00000,0.01400,98.13492
123,2.5625,173.806,87.4955,452.619,0.62900,1.05700,34,36,2.60897 , 0.00000, 0.67857,2.00000,1500.00000,0.01400,98.14090
124,2.58333,168.768,85.443,443.068,0.63300,1.07100,34,37,2.60897 , 0.00000, 0.68130,2.00000,1500.00000,0.01400,98.14683
125,2.60417,173.639,86.6623,450.098,0.63300,1.07100,36,37,2.60897 , 0.00000, 0.68403,2.00000,1500.00000,0.01400,98.15270
126,2.625,178.757,89.5849,462.871,0.64200,1.08500,35,38,2.60897 , 0.00000, 0.68676,2.00000,1500.00000,0.01400,98.15854
127,2.64583,178.889,90.0286,466.286,0.64200,1.08500,35,38,2.60897 , 0.00000, 0.68949,2.00000,1500.00000,0.01400,98.16433
128,2.66667,173.881,88.0218,456.304,0.64300,1.08500,35,39,2.60897 , 0.00000, 0.69222,2.00000,1500.00000,0.01400,98.17007
129,2.6875,178.763,89.2609,463.297,0.64300,1.08500,35,39,2.60897 , 0.00000, 0.69494,2.00000,1500.00000,0.01400,98.17577
130,2.70833,173.783,87.5406,449.546,0.64300,1.08500,34,40,2.60897 , 0.00000, 0.69767,2.00000,1500.00000,0.01400,98.18142
131,2.72917,173.79,87.3776,446.369,0.64300,1.08500,35,40,2.60897 , 0.00000, 0.70040,2.00000,1500.00000,0.01400,98.18703
132,2.75,178.802,89.4843,456.213,0.64300,1.08500,37,40,2.60897 , 0.00000, 0.70313,2.00000,1500.00000,0.01400,98.19260
133,2.77083,189.04,94.8401,482.427,0.64300,1.08500,37,40,2.60897 , 0.00000, 0.70586,2.00000,1500.00000,0.01400,98.19812
134,2.79167,184.052,92.8582,475.641,0.65200,1.09200,37,41,2.60897 , 0.00000, 0.70859,2.00000,1500.00000,0.01400,98.20361
135,2.8125,188.903,93.9719,479.599,0.65200,1.09200,38,41,2.60897 , 0.00000, 0.71131,2.00000,1500.00000,0.01400,98.20905
136,2.83333,194.152,97.5893,495.431,0.66200,1.10600,38,41,2.60897 , 0.00000, 0.71404,2.00000,1500.00000,0.01400,98.21445
137,2.85417,194.041,96.8407,492.43,0.66200,1.10600,38,41,2.60897 , 0.00000, 0.71677,2.00000,1500.00000,0.01400,98.21982
138,2.875,189.168,95.6089,485.423,0.66200,1.10600,38,42,2.60897 , 0.00000, 0.71950,2.00000,1500.00000,0.01400,98.22514
139,2.89583,194.174,97.2865,495.855,0.66200,1.10600,39,42,2.60897 , 0.00000, 0.72223,2.00000,1500.00000,0.01400,98.23042
140,2.91667,199.39,100.783,511.88,0.66900,1.11300,40,42,2.60897 , 0.00000, 0.72496,2.00000,1500.00000,0.01400,98.23567
141,2.9375,204.405,102.466,522.289,0.66900,1.11300,40,42,2.60897 , 0.00000, 0.72768,2.00000,1500.00000,0.01400,98.24088
142,2.95833,199.505,101.374,515.098,0.66900,1.11300,39,43,2.60897 , 0.00000, 0.73041,2.00000,1500.00000,0.01400,98.24606
143,2.97917,199.52,101.057,515.507,0.66900,1.11300,40,43,2.60897 , 0.00000, 0.73314,2.00000,1500.00000,0.01400,98.25120
144,3,204.502,103.04,525.535,0.67600,1.13400,40,42,2.60897 , 0.00000, 0.73587,2.00000,1500.00000,0.01400,98.25629
145,3.02083,204.27,101.856,519.09,0.67600,1.13400,40,42,2.60897 , 0.00000, 0.73860,2.00000,1500.00000,0.01400,98.26137
146,3.04167,204.506,103.538,524.871,0.67600,1.13400,41,42,2.60897 , 0.00000, 0.74133,2.00000,1500.00000,0.01400,98.26640
147,3.0625,209.529,105.067,535.496,0.67600,1.13400,42,42,2.60897 , 0.00000, 0.74405,2.00000,1500.00000,0.01400,98.27139
148,3.08333,214.737,108.557,551.539,0.68100,1.15000,42,42,2.60897 , 0.00000, 0.74678,2.00000,1500.00000,0.01400,98.27636
149,3.10417,214.743,108.395,551.737,0.68100,1.15000,42,42,2.60897 , 0.00000, 0.74951,2.00000,1500.00000,0.01400,98.28129
150,3.125,214.859,108.988,554.958,0.68100,1.15000,41,41,2.60897 , 0.00000, 0.75224,2.00000,1500.00000,0.01400,98.28619
151,3.14583,209.742,106.23,541.959,0.68100,1.15000,41,41,2.60897 , 0.00000, 0.75497,2.00000,1500.00000,0.01400,98.29105
152,3.16667,209.732,106.22,541.969,0.68100,1.15000,41,41,2.60897 , 0.00000, 0.75770,2.00000,1500.00000,0.01400,98.29588
153,3.1875,209.732,106.218,541.964,0.68100,1.15000,41,41,2.60897 , 0.00000, 0.76042,2.00000,1500.00000,0.01400,98.30068
154,3.20833,209.732,106.219,541.964,0.68100,1.15000,41,41,2.60897 , 0.00000, 0.76315,2.00000,1500.00000,0.01400,98.30545
155,3.22917,209.732,106.219,541.964,0.68100,1.15000,41,41,2.60897 , 0.00000, 0.76588,2.00000,1500.00000,0.01400,98.31019
156,3.25,209.732,106.219,541.964,0.68100,1.15000,40,40,2.60897 , 0.00000, 0.76861,2.00000,1500.00000,0.01400,98.31490
157,3.27083,204.617,103.628,528.745,0.68100,1.15000,40,40,2.60897 , 0.00000, 0.77134,2.00000,1500.00000,0.01400,98.31957
158,3.29167,199.501,101.037,515.527,0.68100,1.15000,39,41,2.60897 , 0.00000, 0.77407,2.00000,1500.00000,0.01400,98.32423
159,3.3125,199.501,101.037,515.527,0.68100,1.15000,40,41,2.60897 , 0.00000, 0.77679,2.00000,1500.00000,0.01400,98.32884
160,3.33333,204.501,103.037,525.527,0.68500,1.16100,40,41,2.60897 , 0.00000, 0.77952,2.00000,1500.00000,0.01400,98.33344
161,3.35417,204.503,103.204,525.308,0.68500,1.16100,40,41,2.60897 , 0.00000, 0.78225,2.00000,1500.00000,0.01400,98.33799
162,3.375,204.628,103.805,528.517,0.68500,1.16100,38,39,2.60897 , 0.00000, 0.78498,2.00000,1500.00000,0.01400,98.34253
163,3.39583,194.396,98.458,502.302,0.68500,1.16100,38,39,2.60897 , 0.00000, 0.78771,2.00000,1500.00000,0.01400,98.34703
164,3.41667,194.386,98.448,502.313,0.68500,1.16100,39,39,2.60897 , 0.00000, 0.79044,2.00000,1500.00000,0.01400,98.35151
165,3.4375,199.386,100.446,512.309,0.68500,1.16100,39,39,2.60897 , 0.00000, 0.79316,2.00000,1500.00000,0.01400,98.35596
166,3.45833,199.503,101.204,515.308,0.68500,1.16100,39,39,2.60897 , 0.00000, 0.79589,2.00000,1500.00000,0.01400,98.36038
167,3.47917,199.511,101.047,515.517,0.68500,1.16100,39,39,2.60897 , 0.00000, 0.79862,2.00000,1500.00000,0.01400,98.36478
168,3.5,199.502,101.039,515.531,0.68500,1.16100,39,39,2.60897 , 0.00000, 0.80135,2.00000,1500.00000,0.01400,98.36915
169,3.52083,199.501,101.037,515.527,0.68500,1.16100,39,39,2.60897 , 0.00000, 0.80408,2.00000,1500.00000,0.01400,98.37350
170,3.54167,199.501,101.037,515.527,0.68500,1.16100,39,39,2.60897 , 0.00000, 0.80681,2.00000,1500.00000,0.01400,98.37782
171,3.5625,199.501,101.037,515.527,0.68500,1.16100,39,39,2.60897 , 0.00000, 0.80954,2.00000,1500.00000,0.01400,98.38211
172,3.58333,199.501,101.037,515.527,0.68500,1.16100,39,39,2.60897 , 0.00000, 0.81226,2.00000,1500.00000,0.01400,98.38638
173,3.60417,199.501,101.037,515.527,0.68500,1.16100,39,39,2.60897 , 0.00000, 0.81499,2.00000,1500.00000,0.01400,98.39062
174,3.625,194.386,98.4465,502.308,0.68500,1.16100,37,39,2.60897 , 0.00000, 0.81772,2.00000,1500.00000,0.01400,98.39484
175,3.64583,189.27,95.8558,489.089,0.68500,1.16100,38,39,2.60897 , 0.00000, 0.82045,2.00000,1500.00000,0.01400,98.39904
176,3.66667,194.27,97.8558,499.089,0.69400,1.17200,39,39,2.60897 , 0.00000, 0.82318,2.00000,1500.00000,0.01400,98.40321
177,3.6875,199.27,99.8558,509.089,0.69400,1.17200,39,39,2.60897 , 0.00000, 0.82591,2.00000,1500.00000,0.01400,98.40736
178,3.70833,194.272,98.0227,498.871,0.69900,1.18800,38,39,2.60897 , 0.00000, 0.82863,2.00000,1500.00000,0.01400,98.41148
179,3.72917,194.155,97.2651,495.871,0.69900,1.18800,38,39,2.60897 , 0.00000, 0.83136,2.00000,1500.00000,0.01400,98.41558
180,3.75,189.274,96.1896,488.652,0.69900,1.18800,38,40,2.60897 , 0.00000, 0.83409,2.00000,1500.00000,0.01400,98.41966
181,3.77083,194.289,97.8756,499.069,0.69900,1.18800,38,40,2.60897 , 0.00000, 0.83682,2.00000,1500.00000,0.01400,98.42371
182,3.79167,194.388,98.6165,502.098,0.70900,1.19600,38,41,2.60897 , 0.00000, 0.83955,2.00000,1500.00000,0.01400,98.42775
183,3.8125,194.27,97.8556,499.09,0.70900,1.19600,39,41,2.60897 , 0.00000, 0.84228,2.00000,1500.00000,0.01400,98.43176
184,3.83333,199.387,100.613,512.09,0.71600,1.20000,40,41,2.60897 , 0.00000, 0.84500,2.00000,1500.00000,0.01400,98.43575
185,3.85417,204.387,102.613,522.089,0.71600,1.20000,40,41,2.60897 , 0.00000, 0.84773,2.00000,1500.00000,0.01400,98.43972
186,3.875,204.629,103.972,528.298,0.73200,1.21800,40,41,2.60897 , 0.00000, 0.85046,2.00000,1500.00000,0.01400,98.44366
187,3.89583,204.386,102.448,522.312,0.73200,1.21800,40,41,2.60897 , 0.00000, 0.85319,2.00000,1500.00000,0.01400,98.44759
188,3.91667,204.503,103.204,525.309,0.73200,1.21800,41,41,2.60897 , 0.00000, 0.85592,2.00000,1500.00000,0.01400,98.45150
189,3.9375,209.511,105.047,535.517,0.73200,1.21800,41,41,2.60897 , 0.00000, 0.85865,2.00000,1500.00000,0.01400,98.45538
190,3.95833,209.619,105.796,538.531,0.73200,1.21800,41,41,2.60897 , 0.00000, 0.86137,2.00000,1500.00000,0.01400,98.45924
191,3.97917,209.626,105.638,538.736,0.73200,1.21800,41,41,2.60897 , 0.00000, 0.86410,2.00000,1500.00000,0.01400,98.46309
192,4,209.617,105.629,538.75,0.73200,1.21800,41,41,2.60897 , 0.00000, 0.86683,2.00000,1500.00000,0.01400,98.46691
193,4.02083,209.617,105.628,538.746,0.73200,1.21800,41,41,2.60897 , 0.00000, 0.86956,2.00000,1500.00000,0.01400,98.47071
194,4.04167,209.734,106.385,541.745,0.73200,1.21800,41,41,2.60897 , 0.00000, 0.87229,2.00000,1500.00000,0.01400,98.47449
195,4.0625,209.741,106.229,541.954,0.73200,1.21800,41,41,2.60897 , 0.00000, 0.87502,2.00000,1500.00000,0.01400,98.47826
196,4.08333,209.732,106.22,541.968,0.73200,1.21800,41,41,2.60897 , 0.00000, 0.87774,2.00000,1500.00000,0.01400,98.48200
197,4.10417,209.732,106.219,541.964,0.73200,1.21800,41,41,2.60897 , 0.00000, 0.88047,2.00000,1500.00000,0.01400,98.48573
198,4.125,209.732,106.219,541.964,0.73200,1.21800,40,40,2.60897 , 0.00000, 0.88320,2.00000,1500.00000,0.01400,98.48944
199,4.14583,204.617,103.628,528.745,0.73200,1.21800,40,40,2.60897 , 0.00000, 0.88593,2.00000,1500.00000,0.01400,98.49313
200,4.16667,199.501,101.037,515.527,0.73200,1.21800,39,41,2.60897 , 0.00000, 0.88866,2.00000,1500.00000,0.01400,98.49680
201,4.1875,199.501,101.037,515.527,0.73200,1.21800,39,41,2.60897 , 0.00000, 0.89139,2.00000,1500.00000,0.01400,98.50045
202,4.20833,199.501,101.037,515.527,0.73200,1.21800,40,41,2.60897 , 0.00000, 0.89411,2.00000,1500.00000,0.01400,98.50408
203,4.22917,204.501,103.037,525.527,0.73200,1.21800,40,41,2.60897 , 0.00000, 0.89684,2.00000,1500.00000,0.01400,98.50770
204,4.25,204.618,103.795,528.527,0.73200,1.21800,37,38,2.60897 , 0.00000, 0.89957,2.00000,1500.00000,0.01400,98.51129
205,4.27083,189.28,95.8657,489.079,0.73200,1.21800,37,38,2.60897 , 0.00000, 0.90230,2.00000,1500.00000,0.01400,98.51487
206,4.29167,189.271,95.8574,489.094,0.73200,1.21800,37,38,2.60897 , 0.00000, 0.90503,2.00000,1500.00000,0.01400,98.51843
207,4.3125,189.27,95.8557,489.09,0.73200,1.21800,38,38,2.60897 , 0.00000, 0.90776,2.00000,1500.00000,0.01400,98.52198
208,4.33333,189.155,95.2651,485.871,0.74200,1.23300,37,39,2.60897 , 0.00000, 0.91048,2.00000,1500.00000,0.01400,98.52551
209,4.35417,189.155,95.2651,485.871,0.74200,1.23300,37,39,2.60897 , 0.00000, 0.91321,2.00000,1500.00000,0.01400,98.52902
210,4.375,189.272,96.0227,488.871,0.74200,1.23300,35,37,2.60897 , 0.00000, 0.91594,2.00000,1500.00000,0.01400,98.53252
211,4.39583,179.049,90.6843,462.642,0.74200,1.23300,35,37,2.60897 , 0.00000, 0.91867,2.00000,1500.00000,0.01400,98.53600
212,4.41667,173.925,88.0853,449.438,0.74200,1.23300,35,38,2.60897 , 0.00000, 0.92140,2.00000,1500.00000,0.01400,98.53945
213,4.4375,178.924,90.0836,459.434,0.74200,1.23300,35,38,2.60897 , 0.00000, 0.92413,2.00000,1500.00000,0.01400,98.54290
214,4.45833,179.041,90.8413,462.434,0.74200,1.23300,36,38,2.60897 , 0.00000, 0.92685,2.00000,1500.00000,0.01400,98.54633
215,4.47917,184.049,92.6843,472.642,0.74200,1.23300,36,38,2.60897 , 0.00000, 0.92958,2.00000,1500.00000,0.01400,98.54974
216,4.5,184.157,93.4336,475.656,0.74900,1.24500,35,37,2.60897 , 0.00000, 0.93231,2.00000,1500.00000,0.01400,98.55314
217,4.52083,178.924,90.0836,459.434,0.74900,1.24500,35,37,2.60897 , 0.00000, 0.93504,2.00000,1500.00000,0.01400,98.55652
218,4.54167,173.926,88.2506,449.215,0.76000,1.25900,34,38,2.60897 , 0.00000, 0.93777,2.00000,1500.00000,0.01400,98.55988
219,4.5625,173.809,87.493,446.215,0.76000,1.25900,34,38,2.60897 , 0.00000, 0.94050,2.00000,1500.00000,0.01400,98.56324
220,4.58333,173.926,88.2506,449.215,0.77000,1.27000,36,38,2.60897 , 0.00000, 0.94322,2.00000,1500.00000,0.01400,98.56657
221,4.60417,183.809,91.493,466.215,0.77000,1.27000,37,38,2.60897 , 0.00000, 0.94595,2.00000,1500.00000,0.01400,98.56989
222,4.625,184.044,93.1751,471.996,0.78700,1.30500,36,39,2.60897 , 0.00000, 0.94868,2.00000,1500.00000,0.01400,98.57320
223,4.64583,183.818,91.5029,466.205,0.78700,1.30500,37,39,2.60897 , 0.00000, 0.95141,2.00000,1500.00000,0.01400,98.57648
224,4.66667,189.16,95.7673,485.219,0.78700,1.30500,37,39,2.60897 , 0.00000, 0.95414,2.00000,1500.00000,0.01400,98.57977
225,4.6875,189.3,96.0523,488.841,0.78700,1.30500,37,39,2.60897 , 0.00000, 0.95687,2.00000,1500.00000,0.01400,98.58302
226,4.70833,189.281,95.8703,489.092,0.78700,1.30500,37,39,2.60897 , 0.00000, 0.95959,2.00000,1500.00000,0.01400,98.58627
227,4.72917,189.271,95.857,489.095,0.78700,1.30500,38,39,2.60897 , 0.00000, 0.96232,2.00000,1500.00000,0.01400,98.58950
228,4.75,189.155,95.265,485.871,0.79300,1.31500,37,40,2.60897 , 0.00000, 0.96505,2.00000,1500.00000,0.01400,98.59272
229,4.77083,189.155,95.2651,485.871,0.79300,1.31500,37,40,2.60897 , 0.00000, 0.96778,2.00000,1500.00000,0.01400,98.59592
230,4.79167,184.156,93.432,475.652,0.79300,1.31500,37,41,2.60897 , 0.00000, 0.97051,2.00000,1500.00000,0.01400,98.59911
231,4.8125,189.164,95.275,485.861,0.79300,1.31500,37,41,2.60897 , 0.00000, 0.97324,2.00000,1500.00000,0.01400,98.60229
232,4.83333,189.272,96.0243,488.875,0.79300,1.31500,38,41,2.60897 , 0.00000, 0.97596,2.00000,1500.00000,0.01400,98.60545
233,4.85417,194.28,97.8656,499.08,0.79300,1.31500,38,41,2.60897 , 0.00000, 0.97869,2.00000,1500.00000,0.01400,98.60860
234,4.875,194.388,98.6149,502.094,0.79300,1.31500,39,40,2.60897 , 0.00000, 0.98142,2.00000,1500.00000,0.01400,98.61174
235,4.89583,199.28,99.8656,509.08,0.79300,1.31500,39,40,2.60897 , 0.00000, 0.98415,2.00000,1500.00000,0.01400,98.61486
236,4.91667,199.505,101.373,515.094,0.79800,1.32000,40,40,2.60897 , 0.00000, 0.98688,2.00000,1500.00000,0.01400,98.61797
237,4.9375,204.395,102.456,522.298,0.79800,1.32000,40,40,2.60897 , 0.00000, 0.98961,2.00000,1500.00000,0.01400,98.62106
238,4.95833,204.62,103.963,528.312,0.80500,1.33800,40,40,2.60897 , 0.00000, 0.99233,2.00000,1500.00000,0.01400,98.62415
239,4.97917,204.511,103.047,525.517,0.80500,1.33800,40,40,2.60897 , 0.00000, 0.99506,2.00000,1500.00000,0.01400,98.62721
240,5,204.619,103.796,528.531,0.81600,1.35400,40,40,2.60897 , 0.00000, 0.99779,2.00000,1500.00000,0.01400,98.63027
241,5.02083,204.501,103.037,525.527,0.81600,1.35400,40,40,2.60897 , 0.00000, 1.00052,2.00000,1500.00000,0.01400,98.63332
242,5.04167,204.618,103.795,528.527,0.81600,1.35400,40,40,2.60897 , 0.00000, 1.00325,2.00000,1500.00000,0.01400,98.63634
243,5.0625,204.626,103.638,528.735,0.81600,1.35400,40,40,2.60897 , 0.00000, 1.00598,2.00000,1500.00000,0.01400,98.63937
244,5.08333,204.617,103.629,528.75,0.81600,1.35400,40,40,2.60897 , 0.00000, 1.00870,2.00000,1500.00000,0.01400,98.64237
245,5.10417,204.617,103.628,528.746,0.81600,1.35400,40,40,2.60897 , 0.00000, 1.01143,2.00000,1500.00000,0.01400,98.64537
246,5.125,204.617,103.628,528.745,0.81600,1.35400,40,40,2.60897 , 0.00000, 1.01416,2.00000,1500.00000,0.01400,98.64835
247,5.14583,204.617,103.628,528.745,0.81600,1.35400,40,40,2.60897 , 0.00000, 1.01689,2.00000,1500.00000,0.01400,98.65132
248,5.16667,204.617,103.628,528.745,0.81600,1.35400,40,40,2.60897 , 0.00000, 1.01962,2.00000,1500.00000,0.01400,98.65428
249,5.1875,204.617,103.628,528.745,0.81600,1.35400,40,40,2.60897 , 0.00000, 1.02234,2.00000,1500.00000,0.01400,98.65723
250,5.20833,204.617,103.628,528.745,0.81600,1.35400,40,40,2.60897 , 0.00000, 1.02507,2.00000,1500.00000,0.01400,98.66016
251,5.22917,204.617,103.628,528.745,0.81600,1.35400,40,40,2.60897 , 0.00000, 1.02780,2.00000,1500.00000,0.01400,98.66308
252,5.25,204.617,103.628,528.745,0.81600,1.35400,39,39,2.60897 , 0.00000, 1.03053,2.00000,1500.00000,0.01400,98.66599
253,5.27083,199.501,101.037,515.527,0.81600,1.35400,39,39,2.60897 , 0.00000, 1.03326,2.00000,1500.00000,0.01400,98.66889
254,5.29167,199.501,101.037,515.527,0.81600,1.35400,39,39,2.60897 , 0.00000, 1.03599,2.00000,1500.00000,0.01400,98.67178
255,5.3125,199.501,101.037,515.527,0.81600,1.35400,39,39,2.60897 , 0.00000, 1.03872,2.00000,1500.00000,0.01400,98.67466
256,5.33333,189.27,95.8558,489.089,0.81600,1.35400,37,41,2.60897 , 0.00000, 1.04144,2.00000,1500.00000,0.01400,98.67752
257,5.35417,189.27,95.8558,489.089,0.81600,1.35400,37,41,2.60897 , 0.00000, 1.04417,2.00000,1500.00000,0.01400,98.68037
258,5.375,184.155,93.2651,475.871,0.81600,1.35400,37,41,2.60897 , 0.00000, 1.04690,2.00000,1500.00000,0.01400,98.68322
259,5.39583,189.155,95.2651,485.871,0.81600,1.35400,38,41,2.60897 , 0.00000, 1.04963,2.00000,1500.00000,0.01400,98.68605
260,5.41667,194.272,98.0227,498.871,0.82600,1.36900,38,41,2.60897 , 0.00000, 1.05236,2.00000,1500.00000,0.01400,98.68887
261,5.4375,194.155,97.2651,495.871,0.82600,1.36900,38,41,2.60897 , 0.00000, 1.05509,2.00000,1500.00000,0.01400,98.69168
262,5.45833,189.274,96.1896,488.652,0.84000,1.37800,37,42,2.60897 , 0.00000, 1.05781,2.00000,1500.00000,0.01400,98.69448
263,5.47917,189.164,95.275,485.861,0.84000,1.37800,39,42,2.60897 , 0.00000, 1.06054,2.00000,1500.00000,0.01400,98.69727
264,5.5,194.157,97.4336,495.656,0.84300,1.38000,38,41,2.60897 , 0.00000, 1.06327,2.00000,1500.00000,0.01400,98.70005
265,5.52083,194.166,97.4418,495.643,0.84300,1.38000,38,41,2.60897 , 0.00000, 1.06600,2.00000,1500.00000,0.01400,98.70282
266,5.54167,194.282,98.0341,498.865,0.84300,1.38000,38,41,2.60897 , 0.00000, 1.06873,2.00000,1500.00000,0.01400,98.70557
267,5.5625,194.397,98.6247,502.084,0.84300,1.38000,39,41,2.60897 , 0.00000, 1.07146,2.00000,1500.00000,0.01400,98.70832
268,5.58333,199.396,100.458,512.303,0.84300,1.38000,40,41,2.60897 , 0.00000, 1.07418,2.00000,1500.00000,0.01400,98.71106
269,5.60417,204.503,103.206,525.313,0.84300,1.38000,40,41,2.60897 , 0.00000, 1.07691,2.00000,1500.00000,0.01400,98.71378
270,5.625,204.628,103.805,528.517,0.85700,1.40200,39,40,2.60897 , 0.00000, 1.07964,2.00000,1500.00000,0.01400,98.71650
271,5.64583,199.386,100.448,512.312,0.85700,1.40200,40,40,2.60897 , 0.00000, 1.08237,2.00000,1500.00000,0.01400,98.71921
272,5.66667,204.503,103.204,525.309,0.85700,1.40200,40,40,2.60897 , 0.00000, 1.08510,2.00000,1500.00000,0.01400,98.72191
273,5.6875,204.628,103.805,528.517,0.85700,1.40200,40,40,2.60897 , 0.00000, 1.08783,2.00000,1500.00000,0.01400,98.72459
274,5.70833,204.511,103.049,525.521,0.85700,1.40200,40,40,2.60897 , 0.00000, 1.09055,2.00000,1500.00000,0.01400,98.72727
275,5.72917,204.619,103.796,528.531,0.85700,1.40200,40,40,2.60897 , 0.00000, 1.09328,2.00000,1500.00000,0.01400,98.72993
276,5.75,204.626,103.638,528.736,0.85700,1.40200,39,39,2.60897 , 0.00000, 1.09601,2.00000,1500.00000,0.01400,98.73259
277,5.77083,199.502,101.039,515.531,0.85700,1.40200,39,39,2.60897 , 0.00000, 1.09874,2.00000,1500.00000,0.01400,98.73524
278,5.79167,199.501,101.037,515.527,0.85700,1.40200,39,39,2.60897 , 0.00000, 1.10147,2.00000,1500.00000,0.01400,98.73788
279,5.8125,199.501,101.037,515.527,0.85700,1.40200,39,39,2.60897 , 0.00000, 1.10419,2.00000,1500.00000,0.01400,98.74051
280,5.83333,199.501,101.037,515.527,0.85700,1.40200,39,39,2.60897 , 0.00000, 1.10692,2.00000,1500.00000,0.01400,98.74313
281,5.85417,199.501,101.037,515.527,0.85700,1.40200,39,39,2.60897 , 0.00000, 1.10965,2.00000,1500.00000,0.01400,98.74574
282,5.875,199.501,101.037,515.527,0.85700,1.40200,38,38,2.60897 , 0.00000, 1.11238,2.00000,1500.00000,0.01400,98.74834
283,5.89583,194.386,98.4465,502.308,0.85700,1.40200,38,38,2.60897 , 0.00000, 1.11511,2.00000,1500.00000,0.01400,98.75093
284,5.91667,194.386,98.4465,502.308,0.85700,1.40200,38,38,2.60897 , 0.00000, 1.11784,2.00000,1500.00000,0.01400,98.75351
285,5.9375,194.386,98.4465,502.308,0.85700,1.40200,38,38,2.60897 , 0.00000, 1.12057,2.00000,1500.00000,0.01400,98.75609
286,5.95833,194.386,98.4465,502.308,0.85700,1.40200,38,38,2.60897 , 0.00000, 1.12329,2.00000,1500.00000,0.01400,98.75865
287,5.97917,194.27,97.8558,499.089,0.85700,1.40200,38,38,2.60897 , 0.00000, 1.12602,2.00000,1500.00000,0.01400,98.76121
288,6,189.155,95.2651,485.871,0.85700,1.40200,37,39,2.60897 , 0.00000, 1.12875,2.00000,1500.00000,0.01400,98.76375
289,6.02083,189.157,95.432,485.652,0.85700,1.40200,37,38,2.60897 , 0.00000, 1.13148,2.00000,1500.00000,0.01400,98.76629
290,6.04167,184.051,92.8512,472.423,0.85700,1.40200,36,39,2.60897 , 0.00000, 1.13421,2.00000,1500.00000,0.01400,98.76881
291,6.0625,184.166,93.4435,475.646,0.85700,1.40200,36,39,2.60897 , 0.00000, 1.13693,2.00000,1500.00000,0.01400,98.77134
292,6.08333,184.165,93.2765,475.865,0.85700,1.40200,36,39,2.60897 , 0.00000, 1.13966,2.00000,1500.00000,0.01400,98.77385
293,6.10417,184.155,93.2665,475.876,0.85700,1.40200,37,39,2.60897 , 0.00000, 1.14239,2.00000,1500.00000,0.01400,98.77635
294,6.125,189.155,95.265,485.871,0.85700,1.40200,37,38,2.60897 , 0.00000, 1.14512,2.00000,1500.00000,0.01400,98.77885
295,6.14583,189.272,96.0227,488.871,0.85700,1.40200,37,38,2.60897 , 0.00000, 1.14785,2.00000,1500.00000,0.01400,98.78133
296,6.16667,189.28,95.8657,489.079,0.85700,1.40200,38,38,2.60897 , 0.00000, 1.15058,2.00000,1500.00000,0.01400,98.78381
297,6.1875,194.271,97.8574,499.094,0.85700,1.40200,38,38,2.60897 , 0.00000, 1.15331,2.00000,1500.00000,0.01400,98.78628
298,6.20833,194.387,98.6133,502.09,0.86000,1.40400,38,38,2.60897 , 0.00000, 1.15603,2.00000,1500.00000,0.01400,98.78874
299,6.22917,194.27,97.8558,499.09,0.86000,1.40400,38,38,2.60897 , 0.00000, 1.15876,2.00000,1500.00000,0.01400,98.79119
300,6.25,194.27,97.8558,499.089,0.86100,1.40500,37,37,2.60897 , 0.00000, 1.16149,2.00000,1500.00000,0.01400,98.79364
301,6.27083,189.155,95.2651,485.871,0.86100,1.40500,37,37,2.60897 , 0.00000, 1.16422,2.00000,1500.00000,0.01400,98.79607
302,6.29167,189.155,95.2651,485.871,0.86100,1.40500,37,37,2.60897 , 0.00000, 1.16695,2.00000,1500.00000,0.01400,98.79850
303,6.3125,189.155,95.2651,485.871,0.86100,1.40500,37,37,2.60897 , 0.00000, 1.16967,2.00000,1500.00000,0.01400,98.80092
304,6.33333,178.924,90.0837,459.434,0.86100,1.40500,35,39,2.60897 , 0.00000, 1.17240,2.00000,1500.00000,0.01400,98.80333
305,6.35417,178.924,90.0837,459.434,0.86100,1.40500,35,39,2.60897 , 0.00000, 1.17513,2.00000,1500.00000,0.01400,98.80574
306,6.375,178.924,90.0837,459.434,0.86100,1.40500,36,39,2.60897 , 0.00000, 1.17786,2.00000,1500.00000,0.01400,98.80814
307,6.39583,183.924,92.0837,469.434,0.86100,1.40500,38,39,2.60897 , 0.00000, 1.18059,2.00000,1500.00000,0.01400,98.81052
308,6.41667,194.041,96.8413,492.434,0.87200,1.41900,39,39,2.60897 , 0.00000, 1.18332,2.00000,1500.00000,0.01400,98.81290
309,6.4375,199.041,98.8413,502.434,0.87200,1.41900,39,39,2.60897 , 0.00000, 1.18605,2.00000,1500.00000,0.01400,98.81528
310,6.45833,199.4,100.957,511.642,0.88500,1.43900,39,39,2.60897 , 0.00000, 1.18877,2.00000,1500.00000,0.01400,98.81764
311,6.47917,199.29,99.8772,509.073,0.88500,1.43900,39,39,2.60897 , 0.00000, 1.19150,2.00000,1500.00000,0.01400,98.82000
312,6.5,199.388,100.616,512.098,0.88500,1.43900,38,38,2.60897 , 0.00000, 1.19423,2.00000,1500.00000,0.01400,98.82235
313,6.52083,194.28,97.8655,499.08,0.88500,1.43900,38,38,2.60897 , 0.00000, 1.19696,2.00000,1500.00000,0.01400,98.82469
314,6.54167,194.271,97.8573,499.094,0.88500,1.43900,38,38,2.60897 , 0.00000, 1.19969,2.00000,1500.00000,0.01400,98.82703
315,6.5625,194.27,97.8557,499.09,0.88500,1.43900,38,38,2.60897 , 0.00000, 1.20241,2.00000,1500.00000,0.01400,98.82935
316,6.58333,189.155,95.2651,485.871,0.88500,1.43900,37,38,2.60897 , 0.00000, 1.20514,2.00000,1500.00000,0.01400,98.83167
317,6.60417,189.155,95.2651,485.871,0.88500,1.43900,37,38,2.60897 , 0.00000, 1.20787,2.00000,1500.00000,0.01400,98.83399
318,6.625,189.155,95.2651,485.871,0.88500,1.43900,36,37,2.60897 , 0.00000, 1.21060,2.00000,1500.00000,0.01400,98.83630
319,6.64583,184.157,93.432,475.652,0.88500,1.43900,36,37,2.60897 , 0.00000, 1.21333,2.00000,1500.00000,0.01400,98.83859
320,6.66667,184.164,93.275,475.861,0.88500,1.43900,36,37,2.60897 , 0.00000, 1.21606,2.00000,1500.00000,0.01400,98.84088
321,6.6875,184.155,93.2667,475.875,0.88500,1.43900,36,37,2.60897 , 0.00000, 1.21879,2.00000,1500.00000,0.01400,98.84317
322,6.70833,184.155,93.265,475.871,0.88500,1.43900,36,37,2.60897 , 0.00000, 1.22151,2.00000,1500.00000,0.01400,98.84544
323,6.72917,184.155,93.2651,475.871,0.88500,1.43900,37,37,2.60897 , 0.00000, 1.22424,2.00000,1500.00000,0.01400,98.84772
324,6.75,184.039,92.6744,472.652,0.88500,1.43900,36,38,2.60897 , 0.00000, 1.22697,2.00000,1500.00000,0.01400,98.84998
325,6.77083,184.156,93.432,475.652,0.88500,1.43900,37,38,2.60897 , 0.00000, 1.22970,2.00000,1500.00000,0.01400,98.85223
326,6.79167,189.164,95.275,485.861,0.88500,1.43900,38,38,2.60897 , 0.00000, 1.23243,2.00000,1500.00000,0.01400,98.85448
327,6.8125,194.272,98.0243,498.875,0.88500,1.43900,38,38,2.60897 , 0.00000, 1.23515,2.00000,1500.00000,0.01400,98.85673
328,6.83333,194.397,98.6232,502.08,0.88500,1.43900,38,38,2.60897 , 0.00000, 1.23788,2.00000,1500.00000,0.01400,98.85896
329,6.85417,194.396,98.458,502.302,0.88500,1.43900,38,38,2.60897 , 0.00000, 1.24061,2.00000,1500.00000,0.01400,98.86119
330,6.875,189.271,95.8573,489.094,0.88500,1.43900,37,39,2.60897 , 0.00000, 1.24334,2.00000,1500.00000,0.01400,98.86341
331,6.89583,189.27,95.8557,489.09,0.88500,1.43900,37,39,2.60897 , 0.00000, 1.24607,2.00000,1500.00000,0.01400,98.86563
332,6.91667,189.27,95.8558,489.089,0.88500,1.43900,37,39,2.60897 , 0.00000, 1.24880,2.00000,1500.00000,0.01400,98.86784
333,6.9375,189.27,95.8558,489.089,0.88500,1.43900,37,39,2.60897 , 0.00000, 1.25153,2.00000,1500.00000,0.01400,98.87004
334,6.95833,189.27,95.8558,489.089,0.88500,1.43900,37,39,2.60897 , 0.00000, 1.25425,2.00000,1500.00000,0.01400,98.87223
335,6.97917,189.27,95.8558,489.089,0.88500,1.43900,37,39,2.60897 , 0.00000, 1.25698,2.00000,1500.00000,0.01400,98.87442
336,7,189.27,95.8558,489.089,0.88500,1.43900,37,38,2.60897 , 0.00000, 1.25971,2.00000,1500.00000,0.01400,98.87660
337,7.02083,189.27,95.8558,489.089,0.88500,1.43900,37,38,2.60897 , 0.00000, 1.26244,2.00000,1500.00000,0.01400,98.87878
338,7.04167,184.155,93.2651,475.871,0.88500,1.43900,36,39,2.60897 , 0.00000, 1.26517,2.00000,1500.00000,0.01400,98.88095
339,7.0625,184.155,93.2651,475.871,0.88500,1.43900,37,39,2.60897 , 0.00000, 1.26789,2.00000,1500.00000,0.01400,98.88311
340,7.08333,189.155,95.2651,485.871,0.89300,1.45800,37,39,2.60897 , 0.00000, 1.27062,2.00000,1500.00000,0.01400,98.88527
341,7.10417,189.155,95.2651,485.871,0.89300,1.45800,37,39,2.60897 , 0.00000, 1.27335,2.00000,1500.00000,0.01400,98.88742
342,7.125,189.272,96.0227,488.871,0.89300,1.45800,34,36,2.60897 , 0.00000, 1.27608,2.00000,1500.00000,0.01400,98.88956
343,7.14583,173.933,88.0936,449.423,0.89300,1.45800,35,36,2.60897 , 0.00000, 1.27881,2.00000,1500.00000,0.01400,98.89170
344,7.16667,178.925,90.0853,459.438,0.89300,1.45800,35,36,2.60897 , 0.00000, 1.28154,2.00000,1500.00000,0.01400,98.89383
345,7.1875,179.041,90.8412,462.434,0.89300,1.45800,35,36,2.60897 , 0.00000, 1.28427,2.00000,1500.00000,0.01400,98.89596
346,7.20833,179.049,90.6843,462.642,0.89300,1.45800,36,36,2.60897 , 0.00000, 1.28699,2.00000,1500.00000,0.01400,98.89807
347,7.22917,184.04,92.676,472.656,0.89300,1.45800,36,36,2.60897 , 0.00000, 1.28972,2.00000,1500.00000,0.01400,98.90018
348,7.25,184.157,93.4319,475.653,0.90400,1.46800,35,35,2.60897 , 0.00000, 1.29245,2.00000,1500.00000,0.01400,98.90230
349,7.27083,178.924,90.0837,459.434,0.90400,1.46800,35,35,2.60897 , 0.00000, 1.29518,2.00000,1500.00000,0.01400,98.90440
350,7.29167,179.041,90.8413,462.434,0.90400,1.46800,35,35,2.60897 , 0.00000, 1.29791,2.00000,1500.00000,0.01400,98.90649
351,7.3125,179.049,90.6843,462.642,0.90400,1.46800,35,35,2.60897 , 0.00000, 1.30063,2.00000,1500.00000,0.01400,98.90858
352,7.33333,179.04,90.676,462.656,0.90400,1.46800,35,35,2.60897 , 0.00000, 1.30336,2.00000,1500.00000,0.01400,98.91066
353,7.35417,179.039,90.6743,462.653,0.90400,1.46800,35,35,2.60897 , 0.00000, 1.30609,2.00000,1500.00000,0.01400,98.91273
354,7.375,179.039,90.6744,462.652,0.90400,1.46800,35,35,2.60897 , 0.00000, 1.30882,2.00000,1500.00000,0.01400,98.91481
355,7.39583,179.039,90.6744,462.652,0.90400,1.46800,35,35,2.60897 , 0.00000, 1.31155,2.00000,1500.00000,0.01400,98.91688
356,7.41667,173.924,88.0837,449.434,0.90400,1.46800,34,36,2.60897 , 0.00000, 1.31428,2.00000,1500.00000,0.01400,98.91894
357,7.4375,173.924,88.0837,449.434,0.90400,1.46800,34,36,2.60897 , 0.00000, 1.31701,2.00000,1500.00000,0.01400,98.92099
358,7.45833,168.809,85.493,436.215,0.90400,1.46800,33,37,2.60897 , 0.00000, 1.31973,2.00000,1500.00000,0.01400,98.92303
359,7.47917,168.809,85.493,436.215,0.90400,1.46800,33,37,2.60897 , 0.00000, 1.32246,2.00000,1500.00000,0.01400,98.92508
360,7.5,163.693,82.9024,422.996,0.90400,1.46800,32,37,2.60897 , 0.00000, 1.32519,2.00000,1500.00000,0.01400,98.92712
361,7.52083,163.578,82.3117,419.778,0.90400,1.46800,33,37,2.60897 , 0.00000, 1.32792,2.00000,1500.00000,0.01400,98.92915
362,7.54167,163.579,82.4785,419.559,0.90400,1.46800,32,38,2.60897 , 0.00000, 1.33065,2.00000,1500.00000,0.01400,98.93117
363,7.5625,163.704,83.0791,422.768,0.90400,1.46800,34,38,2.60897 , 0.00000, 1.33337,2.00000,1500.00000,0.01400,98.93319
364,7.58333,173.703,86.9138,442.99,0.92000,1.49900,35,38,2.60897 , 0.00000, 1.33610,2.00000,1500.00000,0.01400,98.93520
365,7.60417,178.694,88.9038,453.001,0.92000,1.49900,35,38,2.60897 , 0.00000, 1.33883,2.00000,1500.00000,0.01400,98.93721
366,7.625,179.044,91.1749,461.997,0.93600,1.52500,36,38,2.60897 , 0.00000, 1.34156,2.00000,1500.00000,0.01400,98.93922
367,7.64583,183.818,91.5029,466.205,0.93600,1.52500,36,38,2.60897 , 0.00000, 1.34429,2.00000,1500.00000,0.01400,98.94122
368,7.66667,184.16,93.7673,475.219,0.93600,1.52500,37,38,2.60897 , 0.00000, 1.34702,2.00000,1500.00000,0.01400,98.94321
369,7.6875,189.183,95.2947,485.841,0.93600,1.52500,37,38,2.60897 , 0.00000, 1.34975,2.00000,1500.00000,0.01400,98.94519
370,7.70833,189.273,96.0273,488.884,0.93600,1.52500,37,38,2.60897 , 0.00000, 1.35247,2.00000,1500.00000,0.01400,98.94717
371,7.72917,189.28,95.8654,489.081,0.93600,1.52500,37,38,2.60897 , 0.00000, 1.35520,2.00000,1500.00000,0.01400,98.94915
372,7.75,189.271,95.8573,489.094,0.93600,1.52500,38,38,2.60897 , 0.00000, 1.35793,2.00000,1500.00000,0.01400,98.95112
373,7.77083,194.27,97.8557,499.09,0.93600,1.52500,38,38,2.60897 , 0.00000, 1.36066,2.00000,1500.00000,0.01400,98.95309
374,7.79167,189.272,96.0227,488.871,0.93600,1.52500,37,39,2.60897 , 0.00000, 1.36339,2.00000,1500.00000,0.01400,98.95505
375,7.8125,189.28,95.8657,489.079,0.93600,1.52500,37,39,2.60897 , 0.00000, 1.36611,2.00000,1500.00000,0.01400,98.95700
376,7.83333,189.271,95.8574,489.094,0.93600,1.52500,38,39,2.60897 , 0.00000, 1.36884,2.00000,1500.00000,0.01400,98.95895
377,7.85417,194.27,97.8557,499.09,0.93600,1.52500,38,39,2.60897 , 0.00000, 1.37157,2.00000,1500.00000,0.01400,98.96089
378,7.875,189.272,96.0227,488.871,0.93600,1.52500,37,40,2.60897 , 0.00000, 1.37430,2.00000,1500.00000,0.01400,98.96283
379,7.89583,189.28,95.8657,489.079,0.93600,1.52500,37,40,2.60897 , 0.00000, 1.37703,2.00000,1500.00000,0.01400,98.96477
380,7.91667,189.271,95.8574,489.094,0.93600,1.52500,38,40,2.60897 , 0.00000, 1.37976,2.00000,1500.00000,0.01400,98.96670
381,7.9375,194.27,97.8557,499.09,0.93600,1.52500,40,40,2.60897 , 0.00000, 1.38249,2.00000,1500.00000,0.01400,98.96862
382,7.95833,204.387,102.613,522.089,0.93600,1.52500,40,40,2.60897 , 0.00000, 1.38521,2.00000,1500.00000,0.01400,98.97054
383,7.97917,204.629,103.972,528.298,0.93600,1.52500,40,40,2.60897 , 0.00000, 1.38794,2.00000,1500.00000,0.01400,98.97245
384,8,204.636,103.649,528.729,0.93600,1.52500,40,40,2.60897 , 0.00000, 1.39067,2.00000,1500.00000,0.01400,98.97437
385,8.02083,204.618,103.631,528.754,0.93600,1.52500,40,40,2.60897 , 0.00000, 1.39340,2.00000,1500.00000,0.01400,98.97626
386,8.04167,204.501,103.037,525.527,0.93700,1.52500,40,40,2.60897 , 0.00000, 1.39613,2.00000,1500.00000,0.01400,98.97816
387,8.0625,204.386,102.447,522.308,0.93700,1.52500,40,40,2.60897 , 0.00000, 1.39885,2.00000,1500.00000,0.01400,98.98006
388,8.08333,199.387,100.613,512.089,0.93700,1.52500,39,41,2.60897 , 0.00000, 1.40158,2.00000,1500.00000,0.01400,98.98195
389,8.10417,199.395,100.456,512.298,0.93700,1.52500,40,41,2.60897 , 0.00000, 1.40431,2.00000,1500.00000,0.01400,98.98383
390,8.125,204.386,102.448,522.312,0.94400,1.54000,40,41,2.60897 , 0.00000, 1.40704,2.00000,1500.00000,0.01400,98.98571
391,8.14583,204.386,102.446,522.309,0.94400,1.54000,39,40,2.60897 , 0.00000, 1.40977,2.00000,1500.00000,0.01400,98.98759
392,8.16667,194.272,98.0227,498.871,0.95400,1.54900,39,41,2.60897 , 0.00000, 1.41250,2.00000,1500.00000,0.01400,98.98946
393,8.1875,199.155,99.2651,505.871,0.95400,1.54900,39,40,2.60897 , 0.00000, 1.41523,2.00000,1500.00000,0.01400,98.99133
394,8.20833,199.274,100.19,508.652,0.95400,1.54900,40,40,2.60897 , 0.00000, 1.41795,2.00000,1500.00000,0.01400,98.99319
395,8.22917,204.639,103.981,528.288,0.95400,1.54900,40,40,2.60897 , 0.00000, 1.42068,2.00000,1500.00000,0.01400,98.99504
396,8.25,189.292,95.891,495.511,0.95400,1.54900,35,41,2.60897 , 0.00000, 1.42341,2.00000,1500.00000,0.01400,98.99689
397,8.27083,178.998,90.4596,469.744,0.95400,1.54900,36,41,2.60897 , 0.00000, 1.42614,2.00000,1500.00000,0.01400,98.99873
398,8.29167,178.985,90.4338,469.756,0.95400,1.54900,38,42,2.60897 , 0.00000, 1.42887,2.00000,1500.00000,0.01400,99.00058
399,8.3125,193.984,96.4324,499.745,0.95400,1.54900,39,42,2.60897 , 0.00000, 1.43159,2.00000,1500.00000,0.01400,99.00242
400,8.33333,199.335,100.705,518.743,0.96200,1.55600,41,42,2.60897 , 0.00000, 1.43432,2.00000,1500.00000,0.01400,99.00425
401,8.35417,209.359,104.234,539.369,0.96200,1.55600,42,42,2.60897 , 0.00000, 1.43705,2.00000,1500.00000,0.01400,99.00607
402,8.375,209.568,105.891,545.193,0.96200,1.55600,41,43,2.60897 , 0.00000, 1.43978,2.00000,1500.00000,0.01400,99.00790
403,8.39583,209.707,106.173,548.807,0.96200,1.55600,42,43,2.60897 , 0.00000, 1.44251,2.00000,1500.00000,0.01400,99.00972
404,8.41667,214.688,107.991,559.058,0.96200,1.55600,42,43,2.60897 , 0.00000, 1.44524,2.00000,1500.00000,0.01400,99.01154
405,8.4375,214.794,108.736,562.061,0.96200,1.55600,42,43,2.60897 , 0.00000, 1.44797,2.00000,1500.00000,0.01400,99.01334
406,8.45833,214.801,108.577,562.264,0.96200,1.55600,42,43,2.60897 , 0.00000, 1.45069,2.00000,1500.00000,0.01400,99.01515
407,8.47917,214.793,108.569,562.278,0.96200,1.55600,42,43,2.60897 , 0.00000, 1.45342,2.00000,1500.00000,0.01400,99.01695
408,8.5,214.792,108.567,562.274,0.96200,1.55600,43,43,2.60897 , 0.00000, 1.45615,2.00000,1500.00000,0.01400,99.01875
409,8.52083,219.792,110.568,572.274,0.96200,1.55600,43,43,2.60897 , 0.00000, 1.45888,2.00000,1500.00000,0.01400,99.02054
410,8.54167,219.909,111.325,575.274,0.96200,1.55600,43,43,2.60897 , 0.00000, 1.46161,2.00000,1500.00000,0.01400,99.02232
411,8.5625,219.917,111.168,575.482,0.96200,1.55600,43,43,2.60897 , 0.00000, 1.46433,2.00000,1500.00000,0.01400,99.02411
412,8.58333,219.908,111.16,575.497,0.96200,1.55600,43,43,2.60897 , 0.00000, 1.46706,2.00000,1500.00000,0.01400,99.02589
413,8.60417,219.907,111.158,575.493,0.96200,1.55600,43,43,2.60897 , 0.00000, 1.46979,2.00000,1500.00000,0.01400,99.02766
414,8.625,219.907,111.158,575.492,0.96200,1.55600,43,43,2.60897 , 0.00000, 1.47252,2.00000,1500.00000,0.01400,99.02943
415,8.64583,219.907,111.158,575.492,0.96200,1.55600,43,43,2.60897 , 0.00000, 1.47525,2.00000,1500.00000,0.01400,99.03120
416,8.66667,214.792,108.568,562.274,0.96200,1.55600,42,44,2.60897 , 0.00000, 1.47798,2.00000,1500.00000,0.01400,99.03296
417,8.6875,214.792,108.568,562.274,0.96200,1.55600,42,43,2.60897 , 0.00000, 1.48071,2.00000,1500.00000,0.01400,99.03472
418,8.70833,214.677,107.977,559.055,0.96200,1.55600,42,44,2.60897 , 0.00000, 1.48343,2.00000,1500.00000,0.01400,99.03648
419,8.72917,214.794,108.734,562.055,0.96200,1.55600,42,44,2.60897 , 0.00000, 1.48616,2.00000,1500.00000,0.01400,99.03822
420,8.75,214.801,108.577,562.264,0.96200,1.55600,43,44,2.60897 , 0.00000, 1.48889,2.00000,1500.00000,0.01400,99.03997
421,8.77083,219.793,110.569,572.278,0.96200,1.55600,43,44,2.60897 , 0.00000, 1.49162,2.00000,1500.00000,0.01400,99.04171
422,8.79167,219.909,111.325,575.274,0.96200,1.55600,43,44,2.60897 , 0.00000, 1.49435,2.00000,1500.00000,0.01400,99.04345
423,8.8125,219.917,111.168,575.482,0.96200,1.55600,43,44,2.60897 , 0.00000, 1.49707,2.00000,1500.00000,0.01400,99.04518
424,8.83333,219.908,111.16,575.496,0.96200,1.55600,44,44,2.60897 , 0.00000, 1.49980,2.00000,1500.00000,0.01400,99.04691
425,8.85417,224.907,113.158,585.493,0.96200,1.55600,44,44,2.60897 , 0.00000, 1.50253,2.00000,1500.00000,0.01400,99.04863
426,8.875,224.909,113.325,585.274,0.96200,1.55600,44,44,2.60897 , 0.00000, 1.50526,2.00000,1500.00000,0.01400,99.05035
427,8.89583,225.034,113.926,588.482,0.96200,1.55600,44,44,2.60897 , 0.00000, 1.50799,2.00000,1500.00000,0.01400,99.05207
428,8.91667,225.033,113.76,588.705,0.96200,1.55600,44,44,2.60897 , 0.00000, 1.51072,2.00000,1500.00000,0.01400,99.05378
429,8.9375,225.023,113.75,588.716,0.96200,1.55600,44,44,2.60897 , 0.00000, 1.51345,2.00000,1500.00000,0.01400,99.05549
430,8.95833,225.023,113.749,588.711,0.96200,1.55600,44,44,2.60897 , 0.00000, 1.51617,2.00000,1500.00000,0.01400,99.05720
431,8.97917,225.023,113.749,588.711,0.96200,1.55600,44,44,2.60897 , 0.00000, 1.51890,2.00000,1500.00000,0.01400,99.05889
432,9,219.907,111.158,575.492,0.96200,1.55600,43,44,2.60897 , 0.00000, 1.52163,2.00000,1500.00000,0.01400,99.06059
433,9.02083,219.907,111.158,575.492,0.96200,1.55600,43,44,2.60897 , 0.00000, 1.52436,2.00000,1500.00000,0.01400,99.06229
434,9.04167,219.907,111.158,575.492,0.96200,1.55600,43,44,2.60897 , 0.00000, 1.52709,2.00000,1500.00000,0.01400,99.06397
435,9.0625,219.907,111.158,575.492,0.96200,1.55600,44,44,2.60897 , 0.00000, 1.52982,2.00000,1500.00000,0.01400,99.06566
436,9.08333,224.82,112.688,578.728,0.96200,1.55600,44,44,2.60897 , 0.00000, 1.53254,2.00000,1500.00000,0.01400,99.06734
437,9.10417,225.025,114.074,581.51,0.96200,1.55600,44,44,2.60897 , 0.00000, 1.53527,2.00000,1500.00000,0.01400,99.06902
438,9.125,219.976,111.416,571.588,0.96200,1.55600,43,45,2.60897 , 0.00000, 1.53800,2.00000,1500.00000,0.01400,99.07069
439,9.14583,219.919,111.174,568.72,0.96200,1.55600,44,45,2.60897 , 0.00000, 1.54073,2.00000,1500.00000,0.01400,99.07236
440,9.16667,224.952,113.395,584.826,0.96200,1.55600,45,45,2.60897 , 0.00000, 1.54346,2.00000,1500.00000,0.01400,99.07403
441,9.1875,230.13,116.42,605.223,0.96200,1.55600,45,45,2.60897 , 0.00000, 1.54619,2.00000,1500.00000,0.01400,99.07568
442,9.20833,230.122,116.236,615.633,0.96200,1.55600,45,45,2.60897 , 0.00000, 1.54891,2.00000,1500.00000,0.01400,99.07735
443,9.22917,230.068,115.988,617.154,0.96200,1.55600,45,45,2.60897 , 0.00000, 1.55164,2.00000,1500.00000,0.01400,99.07900
444,9.25,224.94,113.364,604.089,0.96200,1.55600,42,44,2.60897 , 0.00000, 1.55437,2.00000,1500.00000,0.01400,99.08065
445,9.27083,214.707,108.179,577.657,0.96200,1.55600,43,44,2.60897 , 0.00000, 1.55710,2.00000,1500.00000,0.01400,99.08230
446,9.29167,219.707,110.179,587.656,0.96200,1.55600,43,44,2.60897 , 0.00000, 1.55983,2.00000,1500.00000,0.01400,99.08394
447,9.3125,219.824,110.936,590.655,0.96200,1.55600,43,44,2.60897 , 0.00000, 1.56256,2.00000,1500.00000,0.01400,99.08558
448,9.33333,214.717,108.189,577.645,0.96200,1.55600,42,45,2.60897 , 0.00000, 1.56528,2.00000,1500.00000,0.01400,99.08722
449,9.35417,214.708,108.18,577.659,0.96200,1.55600,42,45,2.60897 , 0.00000, 1.56801,2.00000,1500.00000,0.01400,99.08885
450,9.375,209.592,105.588,564.437,0.96200,1.55600,41,45,2.60897 , 0.00000, 1.57074,2.00000,1500.00000,0.01400,99.09048
451,9.39583,209.592,105.588,564.437,0.96200,1.55600,42,45,2.60897 , 0.00000, 1.57347,2.00000,1500.00000,0.01400,99.09210
452,9.41667,214.592,107.588,574.436,0.96200,1.55600,44,45,2.60897 , 0.00000, 1.57620,2.00000,1500.00000,0.01400,99.09373
453,9.4375,224.709,112.346,597.436,0.96200,1.55600,43,44,2.60897 , 0.00000, 1.57893,2.00000,1500.00000,0.01400,99.09534
454,9.45833,219.835,111.113,590.426,0.97000,1.56800,43,44,2.60897 , 0.00000, 1.58165,2.00000,1500.00000,0.01400,99.09695
455,9.47917,219.717,110.19,587.649,0.97000,1.56800,43,44,2.60897 , 0.00000, 1.58438,2.00000,1500.00000,0.01400,99.09856
456,9.5,219.825,110.938,590.66,0.97800,1.57900,44,44,2.60897 , 0.00000, 1.58711,2.00000,1500.00000,0.01400,99.10017
457,9.52083,224.707,112.179,597.656,0.97800,1.57900,44,44,2.60897 , 0.00000, 1.58984,2.00000,1500.00000,0.01400,99.10178
458,9.54167,219.826,111.103,590.436,0.97900,1.58200,43,45,2.60897 , 0.00000, 1.59257,2.00000,1500.00000,0.01400,99.10338
459,9.5625,219.717,110.189,587.645,0.97900,1.58200,42,44,2.60897 , 0.00000, 1.59530,2.00000,1500.00000,0.01400,99.10497
460,9.58333,209.594,105.756,564.222,0.97900,1.58200,41,46,2.60897 , 0.00000, 1.59802,2.00000,1500.00000,0.01400,99.10657
461,9.60417,209.601,105.598,564.427,0.97900,1.58200,41,46,2.60897 , 0.00000, 1.60075,2.00000,1500.00000,0.01400,99.10815
462,9.625,209.592,105.59,564.441,0.97900,1.58200,41,46,2.60897 , 0.00000, 1.60348,2.00000,1500.00000,0.01400,99.10974
463,9.64583,209.592,105.588,564.437,0.97900,1.58200,43,46,2.60897 , 0.00000, 1.60621,2.00000,1500.00000,0.01400,99.11133
464,9.66667,219.592,109.588,584.437,0.98100,1.59800,44,46,2.60897 , 0.00000, 1.60894,2.00000,1500.00000,0.01400,99.11291
465,9.6875,224.709,112.346,597.436,0.98100,1.59800,44,46,2.60897 , 0.00000, 1.61167,2.00000,1500.00000,0.01400,99.11448
466,9.70833,224.951,113.704,603.645,0.99100,1.61300,46,46,2.60897 , 0.00000, 1.61439,2.00000,1500.00000,0.01400,99.11606
467,9.72917,234.764,116.4,610.158,0.99100,1.61300,46,46,2.60897 , 0.00000, 1.61712,2.00000,1500.00000,0.01400,99.11762
468,9.75,235.174,119.041,619.169,0.99100,1.61300,46,46,2.60897 , 0.00000, 1.61985,2.00000,1500.00000,0.01400,99.11919
469,9.77083,235.24,118.807,628.893,0.99100,1.61300,46,46,2.60897 , 0.00000, 1.62258,2.00000,1500.00000,0.01400,99.12075
470,9.79167,235.183,118.58,630.365,0.99100,1.61300,46,46,2.60897 , 0.00000, 1.62531,2.00000,1500.00000,0.01400,99.12231
471,9.8125,235.101,118.163,619.816,0.99100,1.61300,46,46,2.60897 , 0.00000, 1.62804,2.00000,1500.00000,0.01400,99.12387
472,9.83333,235.169,118.539,619.821,0.99100,1.61300,46,46,2.60897 , 0.00000, 1.63076,2.00000,1500.00000,0.01400,99.12542
473,9.85417,235.211,118.778,628.923,0.99100,1.61300,46,46,2.60897 , 0.00000, 1.63349,2.00000,1500.00000,0.01400,99.12697
474,9.875,235.181,118.575,630.352,0.99100,1.61300,44,44,2.60897 , 0.00000, 1.63622,2.00000,1500.00000,0.01400,99.12852
475,9.89583,224.94,113.364,604.084,0.99100,1.61300,44,44,2.60897 , 0.00000, 1.63895,2.00000,1500.00000,0.01400,99.13006
476,9.91667,224.938,113.36,604.093,0.99100,1.61300,44,44,2.60897 , 0.00000, 1.64168,2.00000,1500.00000,0.01400,99.13160
477,9.9375,224.938,113.36,604.093,0.99100,1.61300,44,44,2.60897 , 0.00000, 1.64441,2.00000,1500.00000,0.01400,99.13313
478,9.95833,224.938,113.36,604.092,0.99100,1.61300,44,44,2.60897 , 0.00000, 1.64713,2.00000,1500.00000,0.01400,99.13467
479,9.97917,224.938,113.36,604.092,0.99100,1.61300,44,44,2.60897 , 0.00000, 1.64986,2.00000,1500.00000,0.01400,99.13620
480,10,224.938,113.36,604.092,0.99100,1.61300,43,43,2.60897 , 0.00000, 1.65259,2.00000,1500.00000,0.01400,99.13773
481,10.0208,219.823,110.769,590.874,0.99100,1.61300,42,42,2.60897 , 0.00000, 1.65532,2.00000,1500.00000,0.01400,99.13925
482,10.0417,214.707,108.179,577.655,0.99100,1.61300,42,42,2.60897 , 0.00000, 1.65805,2.00000,1500.00000,0.01400,99.14077
483,10.0625,214.707,108.179,577.655,0.99100,1.61300,42,42,2.60897 , 0.00000, 1.66078,2.00000,1500.00000,0.01400,99.14229
484,10.0833,214.707,108.179,577.655,0.99100,1.61300,42,42,2.60897 , 0.00000, 1.66350,2.00000,1500.00000,0.01400,99.14380
485,10.1042,214.707,108.179,577.655,0.99100,1.61300,42,42,2.60897 , 0.00000, 1.66623,2.00000,1500.00000,0.01400,99.14531
486,10.125,214.707,108.179,577.655,0.99100,1.61300,42,42,2.60897 , 0.00000, 1.66896,2.00000,1500.00000,0.01400,99.14682
487,10.1458,214.707,108.179,577.655,0.99100,1.61300,42,42,2.60897 , 0.00000, 1.67169,2.00000,1500.00000,0.01400,99.14832
488,10.1667,214.707,108.179,577.655,0.99100,1.61300,42,42,2.60897 , 0.00000, 1.67442,2.00000,1500.00000,0.01400,99.14983
489,10.1875,214.707,108.179,577.655,0.99100,1.61300,42,42,2.60897 , 0.00000, 1.67715,2.00000,1500.00000,0.01400,99.15133
490,10.2083,209.592,105.588,564.436,0.99100,1.61300,41,43,2.60897 , 0.00000, 1.67987,2.00000,1500.00000,0.01400,99.15282
491,10.2292,209.592,105.588,564.436,0.99100,1.61300,42,43,2.60897 , 0.00000, 1.68260,2.00000,1500.00000,0.01400,99.15431
492,10.25,214.592,107.588,574.436,0.99100,1.61300,41,42,2.60897 , 0.00000, 1.68533,2.00000,1500.00000,0.01400,99.15580
493,10.2708,209.593,105.755,564.218,0.99100,1.61300,41,42,2.60897 , 0.00000, 1.68806,2.00000,1500.00000,0.01400,99.15729
494,10.2917,209.601,105.598,564.426,0.99100,1.61300,42,42,2.60897 , 0.00000, 1.69079,2.00000,1500.00000,0.01400,99.15878
495,10.3125,214.592,107.59,574.441,0.99100,1.61300,42,42,2.60897 , 0.00000, 1.69352,2.00000,1500.00000,0.01400,99.16026
496,10.3333,209.593,105.755,564.218,0.99100,1.61300,41,42,2.60897 , 0.00000, 1.69624,2.00000,1500.00000,0.01400,99.16173
497,10.3542,209.601,105.598,564.426,0.99100,1.61300,41,42,2.60897 , 0.00000, 1.69897,2.00000,1500.00000,0.01400,99.16321
498,10.375,204.477,102.999,551.222,0.99100,1.61300,41,43,2.60897 , 0.00000, 1.70170,2.00000,1500.00000,0.01400,99.16468
499,10.3958,209.476,104.997,561.218,0.99100,1.61300,41,43,2.60897 , 0.00000, 1.70443,2.00000,1500.00000,0.01400,99.16615
500,10.4167,209.593,105.755,564.218,0.99200,1.61300,42,43,2.60897 , 0.00000, 1.70716,2.00000,1500.00000,0.01400,99.16761
501,10.4375,214.476,106.997,571.218,0.99200,1.61300,42,43,2.60897 , 0.00000, 1.70989,2.00000,1500.00000,0.01400,99.16908
502,10.4583,214.593,107.755,574.218,0.99200,1.61300,43,43,2.60897 , 0.00000, 1.71261,2.00000,1500.00000,0.01400,99.17053
503,10.4792,219.601,109.598,584.426,0.99200,1.61300,43,43,2.60897 , 0.00000, 1.71534,2.00000,1500.00000,0.01400,99.17199
504,10.5,209.479,105.166,561.003,0.99200,1.61300,41,45,2.60897 , 0.00000, 1.71807,2.00000,1500.00000,0.01400,99.17345
505,10.5208,209.603,105.765,564.208,0.99200,1.61300,42,45,2.60897 , 0.00000, 1.72080,2.00000,1500.00000,0.01400,99.17490
506,10.5417,209.486,105.009,561.212,0.99200,1.61300,42,46,2.60897 , 0.00000, 1.72353,2.00000,1500.00000,0.01400,99.17635
507,10.5625,214.594,107.756,574.222,0.99200,1.61300,43,46,2.60897 , 0.00000, 1.72626,2.00000,1500.00000,0.01400,99.17779
508,10.5833,219.718,110.355,587.427,0.99200,1.61300,43,46,2.60897 , 0.00000, 1.72898,2.00000,1500.00000,0.01400,99.17923
509,10.6042,219.834,110.948,590.649,0.99200,1.61300,43,46,2.60897 , 0.00000, 1.73171,2.00000,1500.00000,0.01400,99.18067
510,10.625,214.717,108.19,577.65,0.99200,1.61300,43,47,2.60897 , 0.00000, 1.73444,2.00000,1500.00000,0.01400,99.18211
511,10.6458,219.708,110.18,587.66,0.99200,1.61300,43,47,2.60897 , 0.00000, 1.73717,2.00000,1500.00000,0.01400,99.18354
512,10.6667,219.824,110.936,590.656,0.99200,1.61300,46,47,2.60897 , 0.00000, 1.73990,2.00000,1500.00000,0.01400,99.18497
513,10.6875,234.832,116.779,620.864,0.99200,1.61300,46,47,2.60897 , 0.00000, 1.74262,2.00000,1500.00000,0.01400,99.18640
514,10.7083,235.174,119.044,629.878,0.99600,1.61800,46,47,2.60897 , 0.00000, 1.74535,2.00000,1500.00000,0.01400,99.18783
515,10.7292,235.072,117.971,627.291,0.99600,1.61800,47,47,2.60897 , 0.00000, 1.74808,2.00000,1500.00000,0.01400,99.18925
516,10.75,239.986,119.573,626.61,0.99600,1.61800,47,47,2.60897 , 0.00000, 1.75081,2.00000,1500.00000,0.01400,99.19067
517,10.7708,240.17,120.705,629.602,0.99600,1.61800,46,46,2.60897 , 0.00000, 1.75354,2.00000,1500.00000,0.01400,99.19209
518,10.7917,235.106,118.197,625.694,0.99600,1.61800,46,46,2.60897 , 0.00000, 1.75627,2.00000,1500.00000,0.01400,99.19350
519,10.8125,235.066,117.986,627.138,0.99600,1.61800,46,46,2.60897 , 0.00000, 1.75900,2.00000,1500.00000,0.01400,99.19492
520,10.8333,235.055,117.955,627.304,0.99600,1.61800,46,46,2.60897 , 0.00000, 1.76172,2.00000,1500.00000,0.01400,99.19633
521,10.8542,235.054,117.951,627.312,0.99600,1.61800,46,46,2.60897 , 0.00000, 1.76445,2.00000,1500.00000,0.01400,99.19773
522,10.875,235.053,117.951,627.311,0.99600,1.61800,46,46,2.60897 , 0.00000, 1.76718,2.00000,1500.00000,0.01400,99.19913
523,10.8958,235.053,117.951,627.311,0.99600,1.61800,46,46,2.60897 , 0.00000, 1.76991,2.00000,1500.00000,0.01400,99.20054
524,10.9167,229.938,115.36,614.092,0.99600,1.61800,45,47,2.60897 , 0.00000, 1.77264,2.00000,1500.00000,0.01400,99.20193
525,10.9375,229.938,115.36,614.092,0.99600,1.61800,46,47,2.60897 , 0.00000, 1.77536,2.00000,1500.00000,0.01400,99.20333
526,10.9583,234.938,117.36,624.092,0.99600,1.61800,46,47,2.60897 , 0.00000, 1.77809,2.00000,1500.00000,0.01400,99.20473
527,10.9792,235.055,118.118,627.092,0.99600,1.61800,45,46,2.60897 , 0.00000, 1.78082,2.00000,1500.00000,0.01400,99.20612
528,11,230.065,116.128,617.082,0.99600,1.61800,44,45,2.60897 , 0.00000, 1.78355,2.00000,1500.00000,0.01400,99.20750
529,11.0208,224.948,113.372,604.086,0.99600,1.61800,44,44,2.60897 , 0.00000, 1.78628,2.00000,1500.00000,0.01400,99.20889
530,11.0417,219.708,110.18,587.66,0.99600,1.61800,43,45,2.60897 , 0.00000, 1.78901,2.00000,1500.00000,0.01400,99.21027
531,11.0625,219.824,110.936,590.656,0.99600,1.61800,44,45,2.60897 , 0.00000, 1.79174,2.00000,1500.00000,0.01400,99.21165
532,11.0833,224.832,112.779,600.864,0.99600,1.61800,45,45,2.60897 , 0.00000, 1.79446,2.00000,1500.00000,0.01400,99.21303
533,11.1042,229.94,115.529,613.878,0.99600,1.61800,45,45,2.60897 , 0.00000, 1.79719,2.00000,1500.00000,0.01400,99.21440
534,11.125,230.065,116.128,617.083,0.99600,1.61800,45,45,2.60897 , 0.00000, 1.79992,2.00000,1500.00000,0.01400,99.21577
535,11.1458,230.063,115.962,617.305,0.99600,1.61800,45,45,2.60897 , 0.00000, 1.80265,2.00000,1500.00000,0.01400,99.21715
536,11.1667,219.823,110.771,590.878,0.99600,1.61800,43,47,2.60897 , 0.00000, 1.80538,2.00000,1500.00000,0.01400,99.21851
537,11.1875,219.823,110.769,590.874,0.99600,1.61800,45,47,2.60897 , 0.00000, 1.80810,2.00000,1500.00000,0.01400,99.21988
538,11.2083,224.707,112.179,597.655,0.99600,1.61800,45,48,2.60897 , 0.00000, 1.81083,2.00000,1500.00000,0.01400,99.22124
539,11.2292,229.941,115.694,613.655,0.99600,1.61800,47,48,2.60897 , 0.00000, 1.81356,2.00000,1500.00000,0.01400,99.22260
540,11.25,240.005,119.757,626.363,1.00000,1.62800,46,47,2.60897 , 0.00000, 1.81629,2.00000,1500.00000,0.01400,99.22395
541,11.2708,234.94,117.527,613.173,1.00000,1.62800,46,47,2.60897 , 0.00000, 1.81902,2.00000,1500.00000,0.01400,99.22531
542,11.2917,230.109,116.531,615.258,1.00000,1.62800,45,48,2.60897 , 0.00000, 1.82175,2.00000,1500.00000,0.01400,99.22666
543,11.3125,230.085,116.006,617.118,1.00000,1.62800,46,47,2.60897 , 0.00000, 1.82448,2.00000,1500.00000,0.01400,99.22801
544,11.3333,234.825,116.777,620.875,1.00400,1.64500,46,47,2.60897 , 0.00000, 1.82720,2.00000,1500.00000,0.01400,99.22935
545,11.3542,234.94,117.527,623.876,1.00400,1.64500,47,47,2.60897 , 0.00000, 1.82993,2.00000,1500.00000,0.01400,99.23071
546,11.375,240.182,120.885,640.083,1.00400,1.64500,45,45,2.60897 , 0.00000, 1.83266,2.00000,1500.00000,0.01400,99.23205
547,11.3958,230.075,116.139,617.076,1.00400,1.64500,45,45,2.60897 , 0.00000, 1.83539,2.00000,1500.00000,0.01400,99.23338
548,11.4167,219.88,110.992,583.382,1.00400,1.64500,43,46,2.60897 , 0.00000, 1.83812,2.00000,1500.00000,0.01400,99.23472
549,11.4375,219.87,110.979,576.248,1.00400,1.64500,43,46,2.60897 , 0.00000, 1.84084,2.00000,1500.00000,0.01400,99.23605
550,11.4583,219.897,111.134,575.53,1.00400,1.64500,45,46,2.60897 , 0.00000, 1.84357,2.00000,1500.00000,0.01400,99.23739
551,11.4792,229.906,115.156,595.486,1.00400,1.64500,45,46,2.60897 , 0.00000, 1.84630,2.00000,1500.00000,0.01400,99.23872
552,11.5,230.142,116.674,601.491,1.00400,1.64500,44,45,2.60897 , 0.00000, 1.84903,2.00000,1500.00000,0.01400,99.24004
553,11.5208,225.042,113.769,588.69,1.00400,1.64500,44,45,2.60897 , 0.00000, 1.85176,2.00000,1500.00000,0.01400,99.24137
554,11.5417,225.024,113.752,588.719,1.00400,1.64500,44,45,2.60897 , 0.00000, 1.85449,2.00000,1500.00000,0.01400,99.24269
555,11.5625,225.023,113.749,588.712,1.00400,1.64500,44,45,2.60897 , 0.00000, 1.85722,2.00000,1500.00000,0.01400,99.24401
556,11.5833,225.023,113.749,588.711,1.00400,1.64500,44,45,2.60897 , 0.00000, 1.85994,2.00000,1500.00000,0.01400,99.24533
557,11.6042,225.023,113.749,588.711,1.00400,1.64500,44,45,2.60897 , 0.00000, 1.86267,2.00000,1500.00000,0.01400,99.24665
558,11.625,225.023,113.749,588.711,1.00400,1.64500,43,44,2.60897 , 0.00000, 1.86540,2.00000,1500.00000,0.01400,99.24796
559,11.6458,219.907,111.158,575.492,1.00400,1.64500,43,44,2.60897 , 0.00000, 1.86813,2.00000,1500.00000,0.01400,99.24927
560,11.6667,219.907,111.158,575.492,1.00400,1.64500,43,44,2.60897 , 0.00000, 1.87086,2.00000,1500.00000,0.01400,99.25058
561,11.6875,219.907,111.158,575.492,1.00400,1.64500,43,44,2.60897 , 0.00000, 1.87358,2.00000,1500.00000,0.01400,99.25188
562,11.7083,219.907,111.158,575.492,1.00400,1.64500,43,44,2.60897 , 0.00000, 1.87631,2.00000,1500.00000,0.01400,99.25319
563,11.7292,219.907,111.158,575.492,1.00400,1.64500,43,44,2.60897 , 0.00000, 1.87904,2.00000,1500.00000,0.01400,99.25449
564,11.75,209.677,105.977,549.055,1.00400,1.64500,41,46,2.60897 , 0.00000, 1.88177,2.00000,1500.00000,0.01400,99.25579
565,11.7708,209.677,105.977,549.055,1.00400,1.64500,43,46,2.60897 , 0.00000, 1.88450,2.00000,1500.00000,0.01400,99.25709
566,11.7917,219.677,109.977,569.055,1.00400,1.64500,44,46,2.60897 , 0.00000, 1.88723,2.00000,1500.00000,0.01400,99.25838
567,11.8125,224.911,113.492,585.055,1.00400,1.64500,44,46,2.60897 , 0.00000, 1.88996,2.00000,1500.00000,0.01400,99.25967
568,11.8333,225.043,113.936,588.472,1.00400,1.64500,45,46,2.60897 , 0.00000, 1.89268,2.00000,1500.00000,0.01400,99.26096
569,11.8542,230.033,115.762,598.709,1.00400,1.64500,45,46,2.60897 , 0.00000, 1.89541,2.00000,1500.00000,0.01400,99.26225
570,11.875,230.141,116.508,601.716,1.00400,1.64500,44,45,2.60897 , 0.00000, 1.89814,2.00000,1500.00000,0.01400,99.26353
571,11.8958,225.032,113.759,588.701,1.00400,1.64500,45,45,2.60897 , 0.00000, 1.90087,2.00000,1500.00000,0.01400,99.26482
572,11.9167,230.023,115.75,598.715,1.01100,1.65800,45,45,2.60897 , 0.00000, 1.90360,2.00000,1500.00000,0.01400,99.26611
573,11.9375,230.023,115.749,598.711,1.01100,1.65800,45,45,2.60897 , 0.00000, 1.90632,2.00000,1500.00000,0.01400,99.26738
574,11.9583,225.024,113.916,588.492,1.01100,1.65800,44,46,2.60897 , 0.00000, 1.90905,2.00000,1500.00000,0.01400,99.26865
575,11.9792,224.917,113.168,585.482,1.01100,1.65800,44,46,2.60897 , 0.00000, 1.91178,2.00000,1500.00000,0.01400,99.26993
576,12,219.91,111.327,575.278,1.01100,1.65800,43,47,2.60897 , 0.00000, 1.91451,2.00000,1500.00000,0.01400,99.27120
577,12.0208,219.917,111.168,575.483,1.01100,1.65800,43,47,2.60897 , 0.00000, 1.91724,2.00000,1500.00000,0.01400,99.27248
578,12.0417,219.908,111.16,575.497,1.01100,1.65800,44,47,2.60897 , 0.00000, 1.91997,2.00000,1500.00000,0.01400,99.27374
579,12.0625,224.907,113.158,585.493,1.01100,1.65800,45,47,2.60897 , 0.00000, 1.92270,2.00000,1500.00000,0.01400,99.27501
580,12.0833,224.909,113.325,585.274,1.01100,1.65800,44,48,2.60897 , 0.00000, 1.92542,2.00000,1500.00000,0.01400,99.27627
581,12.1042,225.034,113.926,588.482,1.01100,1.65800,46,48,2.60897 , 0.00000, 1.92815,2.00000,1500.00000,0.01400,99.27753
582,12.125,229.917,115.17,595.486,1.01400,1.66800,45,49,2.60897 , 0.00000, 1.93088,2.00000,1500.00000,0.01400,99.27879
583,12.1458,230.025,115.917,598.497,1.01400,1.66800,47,49,2.60897 , 0.00000, 1.93361,2.00000,1500.00000,0.01400,99.28004
584,12.1667,235.034,117.926,608.483,1.02300,1.68000,46,50,2.60897 , 0.00000, 1.93634,2.00000,1500.00000,0.01400,99.28130
585,12.1875,235.142,118.675,611.497,1.02300,1.68000,47,50,2.60897 , 0.00000, 1.93906,2.00000,1500.00000,0.01400,99.28255
586,12.2083,240.274,121.117,624.91,1.02900,1.68400,48,50,2.60897 , 0.00000, 1.94179,2.00000,1500.00000,0.01400,99.28381
587,12.2292,245.264,122.943,635.147,1.02900,1.68400,49,50,2.60897 , 0.00000, 1.94452,2.00000,1500.00000,0.01400,99.28505
588,12.25,250.488,126.447,651.153,1.03300,1.69600,48,49,2.60897 , 0.00000, 1.94725,2.00000,1500.00000,0.01400,99.28630
589,12.2708,245.388,123.541,638.347,1.03300,1.69600,48,49,2.60897 , 0.00000, 1.94998,2.00000,1500.00000,0.01400,99.28754
590,12.2917,245.487,124.282,641.375,1.03300,1.69600,48,49,2.60897 , 0.00000, 1.95271,2.00000,1500.00000,0.01400,99.28879
591,12.3125,245.494,124.121,641.576,1.03300,1.69600,48,49,2.60897 , 0.00000, 1.95544,2.00000,1500.00000,0.01400,99.29002
592,12.3333,245.485,124.113,641.59,1.03300,1.69600,48,49,2.60897 , 0.00000, 1.95816,2.00000,1500.00000,0.01400,99.29126
593,12.3542,245.485,124.112,641.586,1.03300,1.69600,49,49,2.60897 , 0.00000, 1.96089,2.00000,1500.00000,0.01400,99.29250
594,12.375,250.484,126.112,651.585,1.03300,1.69600,49,49,2.60897 , 0.00000, 1.96362,2.00000,1500.00000,0.01400,99.29373
595,12.3958,250.602,126.869,654.585,1.03300,1.69600,48,48,2.60897 , 0.00000, 1.96635,2.00000,1500.00000,0.01400,99.29496
596,12.4167,245.494,124.122,641.575,1.03300,1.69600,48,48,2.60897 , 0.00000, 1.96908,2.00000,1500.00000,0.01400,99.29620
597,12.4375,245.485,124.113,641.59,1.03300,1.69600,48,48,2.60897 , 0.00000, 1.97180,2.00000,1500.00000,0.01400,99.29742
598,12.4583,245.485,124.112,641.586,1.03300,1.69600,48,48,2.60897 , 0.00000, 1.97453,2.00000,1500.00000,0.01400,99.29865
599,12.4792,245.484,124.112,641.585,1.03300,1.69600,48,48,2.60897 , 0.00000, 1.97726,2.00000,1500.00000,0.01400,99.29987
600,12.5,245.484,124.112,641.585,1.03300,1.69600,47,47,2.60897 , 0.00000, 1.97999,2.00000,1500.00000,0.01400,99.30109
601,12.5208,240.397,121.642,624.821,1.03300,1.69600,46,46,2.60897 , 0.00000, 1.98272,2.00000,1500.00000,0.01400,99.30231
602,12.5417,235.281,119.047,608.221,1.03300,1.69600,46,46,2.60897 , 0.00000, 1.98545,2.00000,1500.00000,0.01400,99.30353
603,12.5625,235.302,119.162,608.051,1.03300,1.69600,46,46,2.60897 , 0.00000, 1.98818,2.00000,1500.00000,0.01400,99.30474
604,12.5833,235.309,119.172,608.053,1.03300,1.69600,46,46,2.60897 , 0.00000, 1.99090,2.00000,1500.00000,0.01400,99.30595
605,12.6042,235.309,119.172,608.057,1.03300,1.69600,46,46,2.60897 , 0.00000, 1.99363,2.00000,1500.00000,0.01400,99.30717
606,12.625,230.194,116.581,594.839,1.03300,1.69600,45,47,2.60897 , 0.00000, 1.99636,2.00000,1500.00000,0.01400,99.30837
607,12.6458,230.194,116.581,594.839,1.03300,1.69600,45,47,2.60897 , 0.00000, 1.99909,2.00000,1500.00000,0.01400,99.30958
608,12.6667,230.194,116.581,594.839,1.03300,1.69600,46,47,2.60897 , 0.00000, 2.00182,2.00000,1500.00000,0.01400,99.31078
609,12.6875,235.309,119.172,608.057,1.03300,1.69600,46,47,2.60897 , 0.00000, 2.00454,2.00000,1500.00000,0.01400,99.31199
610,12.7083,235.311,119.186,614.494,1.03300,1.69600,47,47,2.60897 , 0.00000, 2.00727,2.00000,1500.00000,0.01400,99.31319
611,12.7292,240.266,120.954,625.14,1.03300,1.69600,47,47,2.60897 , 0.00000, 2.01000,2.00000,1500.00000,0.01400,99.31439
612,12.75,235.256,119.099,614.941,1.03800,1.70200,45,47,2.60897 , 0.00000, 2.01273,2.00000,1500.00000,0.01400,99.31559
613,12.7708,230.023,115.749,598.713,1.03800,1.70200,45,47,2.60897 , 0.00000, 2.01546,2.00000,1500.00000,0.01400,99.31678
614,12.7917,230.023,115.749,598.711,1.03800,1.70200,45,47,2.60897 , 0.00000, 2.01819,2.00000,1500.00000,0.01400,99.31798
615,12.8125,230.023,115.749,598.711,1.03800,1.70200,47,47,2.60897 , 0.00000, 2.02092,2.00000,1500.00000,0.01400,99.31917
616,12.8333,234.907,117.158,605.492,1.04700,1.71200,46,48,2.60897 , 0.00000, 2.02364,2.00000,1500.00000,0.01400,99.32036
617,12.8542,235.025,117.916,608.492,1.04700,1.71200,47,48,2.60897 , 0.00000, 2.02637,2.00000,1500.00000,0.01400,99.32154
618,12.875,240.149,120.516,621.701,1.04700,1.71200,47,48,2.60897 , 0.00000, 2.02910,2.00000,1500.00000,0.01400,99.32273
619,12.8958,240.265,121.109,624.924,1.04700,1.71200,48,48,2.60897 , 0.00000, 2.03183,2.00000,1500.00000,0.01400,99.32391
620,12.9167,240.148,120.349,621.92,1.04700,1.71200,47,49,2.60897 , 0.00000, 2.03456,2.00000,1500.00000,0.01400,99.32510
621,12.9375,240.256,121.099,624.934,1.04700,1.71200,48,49,2.60897 , 0.00000, 2.03729,2.00000,1500.00000,0.01400,99.32627
622,12.9583,229.917,115.168,595.483,1.04700,1.71200,45,52,2.60897 , 0.00000, 2.04001,2.00000,1500.00000,0.01400,99.32745
623,12.9792,230.025,115.917,598.497,1.04700,1.71200,47,52,2.60897 , 0.00000, 2.04274,2.00000,1500.00000,0.01400,99.32863
624,13,240.032,119.759,618.701,1.05300,1.72300,49,52,2.60897 , 0.00000, 2.04547,2.00000,1500.00000,0.01400,99.32980
625,13.0208,250.023,123.75,638.715,1.05300,1.72300,49,52,2.60897 , 0.00000, 2.04820,2.00000,1500.00000,0.01400,99.33098
626,13.0417,250.374,126.022,647.711,1.05300,1.72300,50,52,2.60897 , 0.00000, 2.05093,2.00000,1500.00000,0.01400,99.33215
627,13.0625,255.515,128.308,661.337,1.05300,1.72300,51,52,2.60897 , 0.00000, 2.05366,2.00000,1500.00000,0.01400,99.33331
628,13.0833,255.497,128.293,661.369,1.05300,1.72300,50,53,2.60897 , 0.00000, 2.05638,2.00000,1500.00000,0.01400,99.33448
629,13.1042,255.496,128.29,661.362,1.05300,1.72300,50,53,2.60897 , 0.00000, 2.05911,2.00000,1500.00000,0.01400,99.33565
630,13.125,255.495,128.123,661.58,1.05300,1.72300,48,51,2.60897 , 0.00000, 2.06184,2.00000,1500.00000,0.01400,99.33681
631,13.1458,245.371,123.689,638.152,1.05300,1.72300,50,51,2.60897 , 0.00000, 2.06457,2.00000,1500.00000,0.01400,99.33797
632,13.1667,255.379,127.531,658.357,1.05300,1.72300,50,51,2.60897 , 0.00000, 2.06730,2.00000,1500.00000,0.01400,99.33913
633,13.1875,255.604,129.038,664.371,1.05300,1.72300,51,51,2.60897 , 0.00000, 2.07002,2.00000,1500.00000,0.01400,99.34029
634,13.2083,260.619,130.722,674.784,1.05300,1.72300,51,51,2.60897 , 0.00000, 2.07275,2.00000,1500.00000,0.01400,99.34145
635,13.2292,260.718,131.463,677.813,1.05300,1.72300,51,51,2.60897 , 0.00000, 2.07548,2.00000,1500.00000,0.01400,99.34260
636,13.25,260.725,131.303,678.014,1.05300,1.72300,51,51,2.60897 , 0.00000, 2.07821,2.00000,1500.00000,0.01400,99.34375
637,13.2708,260.716,131.295,678.027,1.05300,1.72300,51,51,2.60897 , 0.00000, 2.08094,2.00000,1500.00000,0.01400,99.34490
638,13.2917,255.6,128.702,664.805,1.05300,1.72300,50,52,2.60897 , 0.00000, 2.08367,2.00000,1500.00000,0.01400,99.34605
639,13.3125,255.6,128.702,664.804,1.05300,1.72300,50,52,2.60897 , 0.00000, 2.08640,2.00000,1500.00000,0.01400,99.34719
640,13.3333,255.6,128.702,664.804,1.05300,1.72300,50,52,2.60897 , 0.00000, 2.08912,2.00000,1500.00000,0.01400,99.34834
641,13.3542,255.6,128.702,664.804,1.05300,1.72300,51,52,2.60897 , 0.00000, 2.09185,2.00000,1500.00000,0.01400,99.34948
642,13.375,260.6,130.702,674.804,1.05300,1.72300,51,52,2.60897 , 0.00000, 2.09458,2.00000,1500.00000,0.01400,99.35062
643,13.3958,260.834,132.218,680.804,1.05300,1.72300,52,52,2.60897 , 0.00000, 2.09731,2.00000,1500.00000,0.01400,99.35176
644,13.4167,260.734,131.313,678.003,1.05500,1.73000,51,53,2.60897 , 0.00000, 2.10004,2.00000,1500.00000,0.01400,99.35290
645,13.4375,260.716,131.296,678.031,1.05500,1.73000,51,53,2.60897 , 0.00000, 2.10277,2.00000,1500.00000,0.01400,99.35403
646,13.4583,260.832,132.051,681.024,1.05600,1.73200,51,53,2.60897 , 0.00000, 2.10549,2.00000,1500.00000,0.01400,99.35517
647,13.4792,260.715,131.293,678.023,1.05600,1.73200,51,53,2.60897 , 0.00000, 2.10822,2.00000,1500.00000,0.01400,99.35630
648,13.5,260.832,132.051,681.023,1.05600,1.73200,51,53,2.60897 , 0.00000, 2.11095,2.00000,1500.00000,0.01400,99.35743
649,13.5208,260.84,131.894,681.231,1.05600,1.73200,51,52,2.60897 , 0.00000, 2.11368,2.00000,1500.00000,0.01400,99.35856
650,13.5417,255.6,128.704,664.808,1.05600,1.73200,50,53,2.60897 , 0.00000, 2.11641,2.00000,1500.00000,0.01400,99.35969
651,13.5625,255.717,129.46,667.805,1.05600,1.73200,50,53,2.60897 , 0.00000, 2.11914,2.00000,1500.00000,0.01400,99.36082
652,13.5833,255.725,129.303,668.013,1.05600,1.73200,51,53,2.60897 , 0.00000, 2.12186,2.00000,1500.00000,0.01400,99.36194
653,13.6042,260.831,131.885,681.246,1.05600,1.73200,52,53,2.60897 , 0.00000, 2.12459,2.00000,1500.00000,0.01400,99.36306
654,13.625,255.602,128.716,671.242,1.05600,1.73200,49,54,2.60897 , 0.00000, 2.12732,2.00000,1500.00000,0.01400,99.36418
655,13.6458,250.559,126.652,661.669,1.05600,1.73200,49,54,2.60897 , 0.00000, 2.13005,2.00000,1500.00000,0.01400,99.36530
656,13.6667,240.324,121.291,635.46,1.05600,1.73200,50,56,2.60897 , 0.00000, 2.13278,2.00000,1500.00000,0.01400,99.36642
657,13.6875,255.198,126.688,662.241,1.05600,1.73200,51,56,2.60897 , 0.00000, 2.13550,2.00000,1500.00000,0.01400,99.36753
658,13.7083,255.551,129.128,671.021,1.05800,1.74000,51,57,2.60897 , 0.00000, 2.13823,2.00000,1500.00000,0.01400,99.36864
659,13.7292,260.575,130.657,681.646,1.05800,1.74000,52,56,2.60897 , 0.00000, 2.14096,2.00000,1500.00000,0.01400,99.36976
660,13.75,265.674,133.4,694.679,1.05800,1.74000,53,57,2.60897 , 0.00000, 2.14369,2.00000,1500.00000,0.01400,99.37086
661,13.7708,270.914,136.588,711.099,1.05800,1.74000,55,57,2.60897 , 0.00000, 2.14642,2.00000,1500.00000,0.01400,99.37197
662,13.7917,281.028,141.013,734.54,1.06200,1.74600,55,57,2.60897 , 0.00000, 2.14915,2.00000,1500.00000,0.01400,99.37308
663,13.8125,281.134,141.594,737.769,1.06200,1.74600,55,57,2.60897 , 0.00000, 2.15188,2.00000,1500.00000,0.01400,99.37418
664,13.8333,276.133,139.592,727.765,1.06200,1.74600,54,58,2.60897 , 0.00000, 2.15460,2.00000,1500.00000,0.01400,99.37529
665,13.8542,276.132,139.425,727.983,1.06200,1.74600,54,58,2.60897 , 0.00000, 2.15733,2.00000,1500.00000,0.01400,99.37639
666,13.875,276.122,139.416,727.993,1.06200,1.74600,55,58,2.60897 , 0.00000, 2.16006,2.00000,1500.00000,0.01400,99.37749
667,13.8958,281.122,141.414,737.989,1.06200,1.74600,55,58,2.60897 , 0.00000, 2.16279,2.00000,1500.00000,0.01400,99.37859
668,13.9167,281.239,142.172,740.988,1.06200,1.74600,55,58,2.60897 , 0.00000, 2.16552,2.00000,1500.00000,0.01400,99.37968
669,13.9375,281.247,142.015,741.197,1.06200,1.74600,57,58,2.60897 , 0.00000, 2.16825,2.00000,1500.00000,0.01400,99.38078
670,13.9583,286.122,143.416,747.992,1.06200,1.74600,56,58,2.60897 , 0.00000, 2.17097,2.00000,1500.00000,0.01400,99.38187
671,13.9792,286.356,144.929,753.989,1.06200,1.74600,57,58,2.60897 , 0.00000, 2.17370,2.00000,1500.00000,0.01400,99.38297
672,14,286.168,143.555,744.423,1.06200,1.74600,56,59,2.60897 , 0.00000, 2.17643,2.00000,1500.00000,0.01400,99.38406
673,14.0208,286.354,144.757,747.451,1.06200,1.74600,58,59,2.60897 , 0.00000, 2.17916,2.00000,1500.00000,0.01400,99.38515
674,14.0417,296.406,148.84,773.739,1.06200,1.74600,58,59,2.60897 , 0.00000, 2.18189,2.00000,1500.00000,0.01400,99.38623
675,14.0625,296.599,150.136,780.406,1.06200,1.74600,59,59,2.60897 , 0.00000, 2.18462,2.00000,1500.00000,0.01400,99.38732
676,14.0833,301.516,151.329,784.089,1.06200,1.74600,59,59,2.60897 , 0.00000, 2.18734,2.00000,1500.00000,0.01400,99.38840
677,14.1042,301.702,152.696,786.89,1.06200,1.74600,59,59,2.60897 , 0.00000, 2.19007,2.00000,1500.00000,0.01400,99.38948
678,14.125,296.646,150.031,780.166,1.06200,1.74600,57,59,2.60897 , 0.00000, 2.19280,2.00000,1500.00000,0.01400,99.39056
679,14.1458,291.481,147.213,767.628,1.06200,1.74600,57,59,2.60897 , 0.00000, 2.19553,2.00000,1500.00000,0.01400,99.39165
680,14.1667,291.469,147.188,767.655,1.06200,1.74600,57,59,2.60897 , 0.00000, 2.19826,2.00000,1500.00000,0.01400,99.39272
681,14.1875,291.468,147.186,767.646,1.06200,1.74600,59,59,2.60897 , 0.00000, 2.20098,2.00000,1500.00000,0.01400,99.39380
682,14.2083,301.353,150.596,784.426,1.07000,1.75900,59,59,2.60897 , 0.00000, 2.20371,2.00000,1500.00000,0.01400,99.39487
683,14.2292,301.587,152.111,790.425,1.07000,1.75900,59,59,2.60897 , 0.00000, 2.20644,2.00000,1500.00000,0.01400,99.39594
684,14.25,296.604,149.964,780.624,1.07200,1.76900,58,60,2.60897 , 0.00000, 2.20917,2.00000,1500.00000,0.01400,99.39702
685,14.2708,296.469,149.189,777.653,1.07200,1.76900,60,60,2.60897 , 0.00000, 2.21190,2.00000,1500.00000,0.01400,99.39809
686,14.2917,306.585,153.944,800.645,1.07400,1.77000,60,60,2.60897 , 0.00000, 2.21463,2.00000,1500.00000,0.01400,99.39915
687,14.3125,306.71,154.544,803.853,1.07400,1.77000,60,60,2.60897 , 0.00000, 2.21736,2.00000,1500.00000,0.01400,99.40022
688,14.3333,306.709,154.379,804.076,1.07400,1.77000,60,60,2.60897 , 0.00000, 2.22008,2.00000,1500.00000,0.01400,99.40128
689,14.3542,306.816,155.127,807.086,1.07400,1.77000,59,59,2.60897 , 0.00000, 2.22281,2.00000,1500.00000,0.01400,99.40234
690,14.375,301.708,152.377,794.072,1.07400,1.77000,58,58,2.60897 , 0.00000, 2.22554,2.00000,1500.00000,0.01400,99.40341
691,14.3958,296.584,149.779,780.867,1.07400,1.77000,58,58,2.60897 , 0.00000, 2.22827,2.00000,1500.00000,0.01400,99.40447
692,14.4167,296.583,149.777,780.863,1.07400,1.77000,58,58,2.60897 , 0.00000, 2.23100,2.00000,1500.00000,0.01400,99.40553
693,14.4375,296.583,149.777,780.863,1.07400,1.77000,58,58,2.60897 , 0.00000, 2.23373,2.00000,1500.00000,0.01400,99.40659
694,14.4583,296.583,149.777,780.863,1.07400,1.77000,58,58,2.60897 , 0.00000, 2.23645,2.00000,1500.00000,0.01400,99.40764
695,14.4792,296.583,149.777,780.863,1.07400,1.77000,58,58,2.60897 , 0.00000, 2.23918,2.00000,1500.00000,0.01400,99.40869
696,14.5,296.583,149.777,780.863,1.07400,1.77000,58,58,2.60897 , 0.00000, 2.24191,2.00000,1500.00000,0.01400,99.40974
697,14.5208,296.583,149.777,780.863,1.07400,1.77000,58,58,2.60897 , 0.00000, 2.24464,2.00000,1500.00000,0.01400,99.41080
698,14.5417,291.468,147.186,767.644,1.07400,1.77000,57,59,2.60897 , 0.00000, 2.24737,2.00000,1500.00000,0.01400,99.41185
699,14.5625,291.468,147.186,767.644,1.07400,1.77000,57,58,2.60897 , 0.00000, 2.25010,2.00000,1500.00000,0.01400,99.41290
700,14.5833,286.265,144.126,747.661,1.07400,1.77000,56,59,2.60897 , 0.00000, 2.25282,2.00000,1500.00000,0.01400,99.41394
701,14.6042,286.353,144.754,747.443,1.07400,1.77000,56,59,2.60897 , 0.00000, 2.25555,2.00000,1500.00000,0.01400,99.41499
702,14.625,286.406,144.84,753.738,1.07400,1.77000,56,58,2.60897 , 0.00000, 2.25828,2.00000,1500.00000,0.01400,99.41603
703,14.6458,286.25,144.03,751.187,1.07400,1.77000,56,58,2.60897 , 0.00000, 2.26101,2.00000,1500.00000,0.01400,99.41708
704,14.6667,286.355,144.764,754.217,1.07400,1.77000,57,58,2.60897 , 0.00000, 2.26374,2.00000,1500.00000,0.01400,99.41811
705,14.6875,291.325,146.474,767.974,1.07400,1.77000,57,58,2.60897 , 0.00000, 2.26646,2.00000,1500.00000,0.01400,99.41915
706,14.7083,291.443,147.237,781.118,1.07900,1.77900,58,58,2.60897 , 0.00000, 2.26919,2.00000,1500.00000,0.01400,99.42019
707,14.7292,296.208,147.85,778.986,1.07900,1.77900,58,58,2.60897 , 0.00000, 2.27192,2.00000,1500.00000,0.01400,99.42123
708,14.75,296.503,149.723,785.095,1.09000,1.78700,57,57,2.60897 , 0.00000, 2.27465,2.00000,1500.00000,0.01400,99.42226
709,14.7708,291.32,146.453,778.192,1.09000,1.78700,57,57,2.60897 , 0.00000, 2.27738,2.00000,1500.00000,0.01400,99.42329
710,14.7917,286.282,144.409,769.416,1.09000,1.78700,56,58,2.60897 , 0.00000, 2.28011,2.00000,1500.00000,0.01400,99.42432
711,14.8125,286.279,144.221,769.789,1.09000,1.78700,56,58,2.60897 , 0.00000, 2.28284,2.00000,1500.00000,0.01400,99.42536
712,14.8333,281.153,141.618,756.594,1.09000,1.78700,56,59,2.60897 , 0.00000, 2.28556,2.00000,1500.00000,0.01400,99.42638
713,14.8542,286.152,143.616,766.589,1.09000,1.78700,57,59,2.60897 , 0.00000, 2.28829,2.00000,1500.00000,0.01400,99.42741
714,14.875,286.154,143.783,766.37,1.09000,1.78700,53,57,2.60897 , 0.00000, 2.29102,2.00000,1500.00000,0.01400,99.42844
715,14.8958,270.979,136.822,722.431,1.09000,1.78700,53,57,2.60897 , 0.00000, 2.29375,2.00000,1500.00000,0.01400,99.42947
716,14.9167,270.978,136.654,715.515,1.09000,1.78700,54,57,2.60897 , 0.00000, 2.29648,2.00000,1500.00000,0.01400,99.43049
717,14.9375,275.997,138.801,724.811,1.09000,1.78700,55,57,2.60897 , 0.00000, 2.29921,2.00000,1500.00000,0.01400,99.43151
718,14.9583,281.122,141.579,737.764,1.09000,1.78700,55,57,2.60897 , 0.00000, 2.30193,2.00000,1500.00000,0.01400,99.43253
719,14.9792,281.248,142.182,740.977,1.09000,1.78700,55,57,2.60897 , 0.00000, 2.30466,2.00000,1500.00000,0.01400,99.43355
720,15,281.247,142.016,741.201,1.09000,1.78700,55,57,2.60897 , 0.00000, 2.30739,2.00000,1500.00000,0.01400,99.43457
721,15.0208,281.238,142.006,741.212,1.09000,1.78700,55,57,2.60897 , 0.00000, 2.31012,2.00000,1500.00000,0.01400,99.43559
722,15.0417,276.122,139.414,727.989,1.09000,1.78700,55,58,2.60897 , 0.00000, 2.31285,2.00000,1500.00000,0.01400,99.43660
723,15.0625,281.122,141.414,737.988,1.09000,1.78700,56,58,2.60897 , 0.00000, 2.31558,2.00000,1500.00000,0.01400,99.43761
724,15.0833,286.239,144.172,750.988,1.09000,1.78700,56,58,2.60897 , 0.00000, 2.31830,2.00000,1500.00000,0.01400,99.43862
725,15.1042,286.364,144.772,754.197,1.09000,1.78700,56,58,2.60897 , 0.00000, 2.32103,2.00000,1500.00000,0.01400,99.43964
726,15.125,286.362,144.607,754.42,1.09000,1.78700,52,54,2.60897 , 0.00000, 2.32376,2.00000,1500.00000,0.01400,99.44064
727,15.1458,265.891,134.234,701.556,1.09000,1.78700,51,53,2.60897 , 0.00000, 2.32649,2.00000,1500.00000,0.01400,99.44165
728,15.1667,255.66,129.051,675.114,1.09000,1.78700,51,55,2.60897 , 0.00000, 2.32922,2.00000,1500.00000,0.01400,99.44266
729,15.1875,260.66,131.051,685.114,1.09000,1.78700,52,55,2.60897 , 0.00000, 2.33194,2.00000,1500.00000,0.01400,99.44366
730,15.2083,260.662,131.218,684.895,1.09000,1.78700,52,56,2.60897 , 0.00000, 2.33467,2.00000,1500.00000,0.01400,99.44466
731,15.2292,265.787,133.819,698.104,1.09000,1.78700,52,56,2.60897 , 0.00000, 2.33740,2.00000,1500.00000,0.01400,99.44567
732,15.25,265.902,134.411,701.326,1.09000,1.78700,51,54,2.60897 , 0.00000, 2.34013,2.00000,1500.00000,0.01400,99.44667
733,15.2708,260.67,131.063,685.108,1.09000,1.78700,51,53,2.60897 , 0.00000, 2.34286,2.00000,1500.00000,0.01400,99.44767
734,15.2917,255.662,129.22,674.9,1.09000,1.78700,51,54,2.60897 , 0.00000, 2.34559,2.00000,1500.00000,0.01400,99.44867
735,15.3125,260.669,131.061,685.104,1.09000,1.78700,51,54,2.60897 , 0.00000, 2.34832,2.00000,1500.00000,0.01400,99.44966
736,15.3333,260.778,131.811,688.118,1.09100,1.78800,53,54,2.60897 , 0.00000, 2.35104,2.00000,1500.00000,0.01400,99.45066
737,15.3542,270.66,135.051,705.114,1.09100,1.78800,53,54,2.60897 , 0.00000, 2.35377,2.00000,1500.00000,0.01400,99.45165
738,15.375,270.894,136.567,711.114,1.09100,1.78800,53,54,2.60897 , 0.00000, 2.35650,2.00000,1500.00000,0.01400,99.45264
739,15.3958,270.91,136.253,711.531,1.09100,1.78800,53,54,2.60897 , 0.00000, 2.35923,2.00000,1500.00000,0.01400,99.45364
740,15.4167,265.894,134.403,701.341,1.09100,1.78800,52,55,2.60897 , 0.00000, 2.36196,2.00000,1500.00000,0.01400,99.45463
741,15.4375,265.9,134.242,701.542,1.09100,1.78800,54,55,2.60897 , 0.00000, 2.36469,2.00000,1500.00000,0.01400,99.45561
742,15.4583,270.776,135.644,708.337,1.09900,1.80000,53,56,2.60897 , 0.00000, 2.36741,2.00000,1500.00000,0.01400,99.45660
743,15.4792,270.893,136.4,711.333,1.09900,1.80000,54,56,2.60897 , 0.00000, 2.37014,2.00000,1500.00000,0.01400,99.45759
744,15.5,276.133,139.591,727.76,1.09900,1.80000,55,56,2.60897 , 0.00000, 2.37287,2.00000,1500.00000,0.01400,99.45857
745,15.5208,281.134,141.439,744.42,1.09900,1.80000,55,56,2.60897 , 0.00000, 2.37560,2.00000,1500.00000,0.01400,99.45956
746,15.5417,281.197,141.955,748.076,1.09900,1.80000,55,56,2.60897 , 0.00000, 2.37833,2.00000,1500.00000,0.01400,99.46054
747,15.5625,281.192,141.774,748.3,1.09900,1.80000,54,55,2.60897 , 0.00000, 2.38106,2.00000,1500.00000,0.01400,99.46152
748,15.5833,276.067,139.174,735.086,1.09900,1.80000,55,55,2.60897 , 0.00000, 2.38378,2.00000,1500.00000,0.01400,99.46250
749,15.6042,281.066,141.172,745.08,1.09900,1.80000,55,55,2.60897 , 0.00000, 2.38651,2.00000,1500.00000,0.01400,99.46348
750,15.625,281.183,141.93,748.079,1.09900,1.80000,55,55,2.60897 , 0.00000, 2.38924,2.00000,1500.00000,0.01400,99.46445
751,15.6458,281.191,141.773,748.288,1.09900,1.80000,55,55,2.60897 , 0.00000, 2.39197,2.00000,1500.00000,0.01400,99.46543
752,15.6667,281.182,141.765,748.302,1.09900,1.80000,55,55,2.60897 , 0.00000, 2.39470,2.00000,1500.00000,0.01400,99.46640
753,15.6875,281.182,141.763,748.298,1.09900,1.80000,55,55,2.60897 , 0.00000, 2.39742,2.00000,1500.00000,0.01400,99.46738
754,15.7083,281.182,141.763,748.298,1.09900,1.80000,55,55,2.60897 , 0.00000, 2.40015,2.00000,1500.00000,0.01400,99.46835
755,15.7292,281.182,141.763,748.298,1.09900,1.80000,55,55,2.60897 , 0.00000, 2.40288,2.00000,1500.00000,0.01400,99.46931
756,15.75,276.066,139.172,735.079,1.09900,1.80000,52,54,2.60897 , 0.00000, 2.40561,2.00000,1500.00000,0.01400,99.47028
757,15.7708,265.836,133.991,708.642,1.09900,1.80000,53,54,2.60897 , 0.00000, 2.40834,2.00000,1500.00000,0.01400,99.47125
758,15.7917,270.836,135.991,718.642,1.09900,1.80000,53,54,2.60897 , 0.00000, 2.41107,2.00000,1500.00000,0.01400,99.47222
759,15.8125,270.953,136.749,721.642,1.09900,1.80000,52,53,2.60897 , 0.00000, 2.41379,2.00000,1500.00000,0.01400,99.47318
760,15.8333,265.873,134.122,705.086,1.09900,1.80000,52,53,2.60897 , 0.00000, 2.41652,2.00000,1500.00000,0.01400,99.47415
761,15.8542,265.863,134.109,701.719,1.09900,1.80000,52,53,2.60897 , 0.00000, 2.41925,2.00000,1500.00000,0.01400,99.47511
762,15.875,265.884,134.222,701.545,1.09900,1.80000,52,52,2.60897 , 0.00000, 2.42198,2.00000,1500.00000,0.01400,99.47607
763,15.8958,265.775,133.642,698.329,1.09900,1.80000,52,52,2.60897 , 0.00000, 2.42471,2.00000,1500.00000,0.01400,99.47704
764,15.9167,265.892,134.4,701.332,1.09900,1.80000,52,52,2.60897 , 0.00000, 2.42744,2.00000,1500.00000,0.01400,99.47799
765,15.9375,265.9,134.243,701.541,1.09900,1.80000,52,52,2.60897 , 0.00000, 2.43017,2.00000,1500.00000,0.01400,99.47895
766,15.9583,265.891,134.234,701.555,1.09900,1.80000,52,52,2.60897 , 0.00000, 2.43289,2.00000,1500.00000,0.01400,99.47990
767,15.9792,265.891,134.233,701.552,1.09900,1.80000,52,52,2.60897 , 0.00000, 2.43562,2.00000,1500.00000,0.01400,99.48087
768,16,265.891,134.233,701.551,1.09900,1.80000,52,52,2.60897 , 0.00000, 2.43835,2.00000,1500.00000,0.01400,99.48182
769,16.0208,265.891,134.233,701.551,1.09900,1.80000,52,52,2.60897 , 0.00000, 2.44108,2.00000,1500.00000,0.01400,99.48277
770,16.0417,265.891,134.233,701.551,1.09900,1.80000,52,52,2.60897 , 0.00000, 2.44381,2.00000,1500.00000,0.01400,99.48372
771,16.0625,265.891,134.233,701.551,1.09900,1.80000,52,52,2.60897 , 0.00000, 2.44654,2.00000,1500.00000,0.01400,99.48467
772,16.0833,265.891,134.233,701.551,1.09900,1.80000,52,52,2.60897 , 0.00000, 2.44926,2.00000,1500.00000,0.01400,99.48562
773,16.1042,265.775,133.642,698.332,1.09900,1.80000,52,52,2.60897 , 0.00000, 2.45199,2.00000,1500.00000,0.01400,99.48656
774,16.125,265.892,134.4,701.332,1.09900,1.80000,51,51,2.60897 , 0.00000, 2.45472,2.00000,1500.00000,0.01400,99.48751
775,16.1458,260.785,131.652,688.322,1.09900,1.80000,51,51,2.60897 , 0.00000, 2.45745,2.00000,1500.00000,0.01400,99.48846
776,16.1667,255.661,129.053,675.118,1.09900,1.80000,50,52,2.60897 , 0.00000, 2.46018,2.00000,1500.00000,0.01400,99.48940
777,16.1875,255.66,129.051,675.114,1.09900,1.80000,50,52,2.60897 , 0.00000, 2.46291,2.00000,1500.00000,0.01400,99.49035
778,16.2083,255.66,129.051,675.114,1.09900,1.80000,51,52,2.60897 , 0.00000, 2.46563,2.00000,1500.00000,0.01400,99.49129
779,16.2292,260.66,131.051,685.114,1.09900,1.80000,51,52,2.60897 , 0.00000, 2.46836,2.00000,1500.00000,0.01400,99.49223
780,16.25,260.777,131.809,688.114,1.09900,1.80000,51,52,2.60897 , 0.00000, 2.47109,2.00000,1500.00000,0.01400,99.49316
781,16.2708,260.66,131.051,685.114,1.09900,1.80000,51,52,2.60897 , 0.00000, 2.47382,2.00000,1500.00000,0.01400,99.49410
782,16.2917,255.545,128.461,671.895,1.10000,1.80100,50,53,2.60897 , 0.00000, 2.47655,2.00000,1500.00000,0.01400,99.49504
783,16.3125,255.545,128.461,671.895,1.10000,1.80100,52,53,2.60897 , 0.00000, 2.47927,2.00000,1500.00000,0.01400,99.49598
784,16.3333,265.545,132.461,691.895,1.10400,1.81400,52,53,2.60897 , 0.00000, 2.48200,2.00000,1500.00000,0.01400,99.49691
785,16.3542,265.662,133.218,694.895,1.10400,1.81400,52,53,2.60897 , 0.00000, 2.48473,2.00000,1500.00000,0.01400,99.49784
786,16.375,265.787,133.819,698.104,1.10400,1.81400,52,53,2.60897 , 0.00000, 2.48746,2.00000,1500.00000,0.01400,99.49878
787,16.3958,265.785,133.654,698.327,1.10400,1.81400,53,53,2.60897 , 0.00000, 2.49019,2.00000,1500.00000,0.01400,99.49971
788,16.4167,270.776,135.644,708.337,1.11400,1.82200,53,53,2.60897 , 0.00000, 2.49292,2.00000,1500.00000,0.01400,99.50063
789,16.4375,270.893,136.4,711.333,1.11400,1.82200,53,53,2.60897 , 0.00000, 2.49565,2.00000,1500.00000,0.01400,99.50156
790,16.4583,271.017,137,714.541,1.12000,1.83000,53,53,2.60897 , 0.00000, 2.49837,2.00000,1500.00000,0.01400,99.50249
791,16.4792,270.891,136.234,711.555,1.12000,1.83000,53,53,2.60897 , 0.00000, 2.50110,2.00000,1500.00000,0.01400,99.50342
792,16.5,260.777,131.809,688.114,1.12000,1.83000,51,55,2.60897 , 0.00000, 2.50383,2.00000,1500.00000,0.01400,99.50434
793,16.5208,260.785,131.652,688.322,1.12000,1.83000,52,55,2.60897 , 0.00000, 2.50656,2.00000,1500.00000,0.01400,99.50526
794,16.5417,265.776,133.644,698.337,1.12000,1.83000,53,55,2.60897 , 0.00000, 2.50929,2.00000,1500.00000,0.01400,99.50619
795,16.5625,270.893,136.4,711.333,1.12000,1.83000,53,55,2.60897 , 0.00000, 2.51202,2.00000,1500.00000,0.01400,99.50711
796,16.5833,271.017,137,714.541,1.12000,1.83000,54,55,2.60897 , 0.00000, 2.51474,2.00000,1500.00000,0.01400,99.50803
797,16.6042,275.901,138.244,721.545,1.12000,1.83000,54,55,2.60897 , 0.00000, 2.51747,2.00000,1500.00000,0.01400,99.50895
798,16.625,276.01,139.159,724.337,1.12400,1.84700,53,54,2.60897 , 0.00000, 2.52020,2.00000,1500.00000,0.01400,99.50987
799,16.6458,270.785,135.652,708.323,1.12400,1.84700,54,54,2.60897 , 0.00000, 2.52293,2.00000,1500.00000,0.01400,99.51079
800,16.6667,276.01,139.159,724.337,1.12400,1.84700,54,54,2.60897 , 0.00000, 2.52566,2.00000,1500.00000,0.01400,99.51170
801,16.6875,276.142,139.601,727.75,1.12400,1.84700,54,54,2.60897 , 0.00000, 2.52839,2.00000,1500.00000,0.01400,99.51262
802,16.7083,276.132,139.427,727.987,1.12400,1.84700,54,54,2.60897 , 0.00000, 2.53111,2.00000,1500.00000,0.01400,99.51353
803,16.7292,276.122,139.415,727.993,1.12400,1.84700,54,54,2.60897 , 0.00000, 2.53384,2.00000,1500.00000,0.01400,99.51444
804,16.75,276.122,139.414,727.989,1.12400,1.84700,54,54,2.60897 , 0.00000, 2.53657,2.00000,1500.00000,0.01400,99.51535
805,16.7708,276.034,138.944,721.224,1.12400,1.84700,54,54,2.60897 , 0.00000, 2.53930,2.00000,1500.00000,0.01400,99.51627
806,16.7917,271.005,136.815,708.005,1.12400,1.84700,53,55,2.60897 , 0.00000, 2.54203,2.00000,1500.00000,0.01400,99.51717
807,16.8125,271.05,137.058,714.092,1.12400,1.84700,53,55,2.60897 , 0.00000, 2.54475,2.00000,1500.00000,0.01400,99.51808
808,16.8333,260.788,131.665,688.308,1.12400,1.84700,51,56,2.60897 , 0.00000, 2.54748,2.00000,1500.00000,0.01400,99.51899
809,16.8542,260.776,131.644,688.342,1.12400,1.84700,52,56,2.60897 , 0.00000, 2.55021,2.00000,1500.00000,0.01400,99.51989
810,16.875,260.66,131.051,685.116,1.12400,1.84700,53,56,2.60897 , 0.00000, 2.55294,2.00000,1500.00000,0.01400,99.52080
811,16.8958,270.689,135.339,701.35,1.12400,1.84700,53,56,2.60897 , 0.00000, 2.55567,2.00000,1500.00000,0.01400,99.52170
812,16.9167,271.048,137.451,707.176,1.12400,1.84700,53,56,2.60897 , 0.00000, 2.55840,2.00000,1500.00000,0.01400,99.52260
813,16.9375,271.084,137.086,707.647,1.12400,1.84700,53,56,2.60897 , 0.00000, 2.56113,2.00000,1500.00000,0.01400,99.52351
814,16.9583,271.063,137.069,707.688,1.12400,1.84700,54,56,2.60897 , 0.00000, 2.56385,2.00000,1500.00000,0.01400,99.52440
815,16.9792,276.062,139.065,717.68,1.12400,1.84700,55,56,2.60897 , 0.00000, 2.56658,2.00000,1500.00000,0.01400,99.52530
816,17,281.179,141.823,730.679,1.12400,1.84700,56,56,2.60897 , 0.00000, 2.56931,2.00000,1500.00000,0.01400,99.52620
817,17.0208,286.1,143.363,733.904,1.12400,1.84700,56,56,2.60897 , 0.00000, 2.57204,2.00000,1500.00000,0.01400,99.52709
818,17.0417,286.42,145.174,740.127,1.12400,1.84700,56,56,2.60897 , 0.00000, 2.57477,2.00000,1500.00000,0.01400,99.52799
819,17.0625,286.471,145.093,746.641,1.12400,1.84700,56,56,2.60897 , 0.00000, 2.57750,2.00000,1500.00000,0.01400,99.52888
820,17.0833,276.212,139.791,717.349,1.12400,1.84700,54,58,2.60897 , 0.00000, 2.58022,2.00000,1500.00000,0.01400,99.52978
821,17.1042,276.205,139.773,713.973,1.12400,1.84700,56,58,2.60897 , 0.00000, 2.58295,2.00000,1500.00000,0.01400,99.53067
822,17.125,286.11,143.297,730.582,1.12400,1.84700,57,58,2.60897 , 0.00000, 2.58568,2.00000,1500.00000,0.01400,99.53156
823,17.1458,291.351,146.822,746.584,1.12400,1.84700,57,58,2.60897 , 0.00000, 2.58841,2.00000,1500.00000,0.01400,99.53246
824,17.1667,291.601,148.023,753.004,1.12400,1.84700,57,58,2.60897 , 0.00000, 2.59114,2.00000,1500.00000,0.01400,99.53334
825,17.1875,291.599,147.693,753.45,1.12400,1.84700,56,57,2.60897 , 0.00000, 2.59387,2.00000,1500.00000,0.01400,99.53423
826,17.2083,286.464,145.082,740.253,1.12400,1.84700,57,57,2.60897 , 0.00000, 2.59659,2.00000,1500.00000,0.01400,99.53512
827,17.2292,291.463,147.079,750.245,1.12400,1.84700,57,57,2.60897 , 0.00000, 2.59932,2.00000,1500.00000,0.01400,99.53600
828,17.25,286.465,145.246,740.025,1.12400,1.84700,55,57,2.60897 , 0.00000, 2.60205,2.00000,1500.00000,0.01400,99.53689
829,17.2708,281.357,142.498,727.015,1.12400,1.84700,54,56,2.60897 , 0.00000, 2.60478,2.00000,1500.00000,0.01400,99.53777
830,17.2917,271.117,137.309,700.592,1.12400,1.84700,53,57,2.60897 , 0.00000, 2.60751,2.00000,1500.00000,0.01400,99.53865
831,17.3125,271.117,137.307,700.588,1.12400,1.84700,53,57,2.60897 , 0.00000, 2.61023,2.00000,1500.00000,0.01400,99.53954
832,17.3333,266.001,134.716,687.369,1.12400,1.84700,53,58,2.60897 , 0.00000, 2.61296,2.00000,1500.00000,0.01400,99.54041
833,17.3542,271.001,136.716,697.369,1.12400,1.84700,54,58,2.60897 , 0.00000, 2.61569,2.00000,1500.00000,0.01400,99.54130
834,17.375,276.119,139.474,710.369,1.12700,1.85100,55,58,2.60897 , 0.00000, 2.61842,2.00000,1500.00000,0.01400,99.54218
835,17.3958,281.119,141.474,720.369,1.12700,1.85100,55,58,2.60897 , 0.00000, 2.62115,2.00000,1500.00000,0.01400,99.54305
836,17.4167,281.243,142.074,723.577,1.12700,1.85100,56,58,2.60897 , 0.00000, 2.62388,2.00000,1500.00000,0.01400,99.54393
837,17.4375,286.242,143.909,733.8,1.12700,1.85100,56,57,2.60897 , 0.00000, 2.62661,2.00000,1500.00000,0.01400,99.54480
838,17.4583,286.235,144.066,733.592,1.13400,1.86100,56,57,2.60897 , 0.00000, 2.62933,2.00000,1500.00000,0.01400,99.54568
839,17.4792,286.242,143.907,733.797,1.13400,1.86100,57,57,2.60897 , 0.00000, 2.63206,2.00000,1500.00000,0.01400,99.54655
840,17.5,291.35,146.657,746.81,1.13400,1.86100,56,56,2.60897 , 0.00000, 2.63479,2.00000,1500.00000,0.01400,99.54742
841,17.5208,286.361,144.832,736.577,1.13400,1.86100,56,56,2.60897 , 0.00000, 2.63752,2.00000,1500.00000,0.01400,99.54829
842,17.5417,286.367,144.51,737.009,1.13400,1.86100,56,56,2.60897 , 0.00000, 2.64025,2.00000,1500.00000,0.01400,99.54916
843,17.5625,286.349,144.491,737.034,1.13400,1.86100,56,56,2.60897 , 0.00000, 2.64298,2.00000,1500.00000,0.01400,99.55003
844,17.5833,286.465,145.246,740.026,1.13600,1.86800,56,56,2.60897 , 0.00000, 2.64570,2.00000,1500.00000,0.01400,99.55090
845,17.6042,286.348,144.488,737.025,1.13600,1.86800,56,56,2.60897 , 0.00000, 2.64843,2.00000,1500.00000,0.01400,99.55177
846,17.625,286.348,144.488,737.025,1.13600,1.86800,56,56,2.60897 , 0.00000, 2.65116,2.00000,1500.00000,0.01400,99.55264
847,17.6458,286.348,144.488,737.025,1.13600,1.86800,56,56,2.60897 , 0.00000, 2.65389,2.00000,1500.00000,0.01400,99.55350
848,17.6667,286.348,144.488,737.025,1.13800,1.87000,56,56,2.60897 , 0.00000, 2.65662,2.00000,1500.00000,0.01400,99.55436
849,17.6875,286.348,144.488,737.025,1.13800,1.87000,56,56,2.60897 , 0.00000, 2.65935,2.00000,1500.00000,0.01400,99.55522
850,17.7083,286.348,144.488,737.025,1.13800,1.87000,56,56,2.60897 , 0.00000, 2.66207,2.00000,1500.00000,0.01400,99.55608
851,17.7292,286.348,144.488,737.025,1.13800,1.87000,56,56,2.60897 , 0.00000, 2.66480,2.00000,1500.00000,0.01400,99.55695
852,17.75,271.002,136.716,697.369,1.13800,1.87000,52,58,2.60897 , 0.00000, 2.66753,2.00000,1500.00000,0.01400,99.55781
853,17.7708,265.886,134.126,684.15,1.13800,1.87000,53,57,2.60897 , 0.00000, 2.67026,2.00000,1500.00000,0.01400,99.55866
854,17.7917,270.771,135.535,690.932,1.13800,1.87100,54,57,2.60897 , 0.00000, 2.67299,2.00000,1500.00000,0.01400,99.55952
855,17.8125,276.003,138.883,707.15,1.13800,1.87100,55,57,2.60897 , 0.00000, 2.67571,2.00000,1500.00000,0.01400,99.56038
856,17.8333,281.013,140.74,723.796,1.13800,1.87100,57,57,2.60897 , 0.00000, 2.67844,2.00000,1500.00000,0.01400,99.56123
857,17.8542,291.077,145.258,747.456,1.13800,1.87100,57,57,2.60897 , 0.00000, 2.68117,2.00000,1500.00000,0.01400,99.56209
858,17.875,291.306,146.592,753.681,1.14300,1.87700,57,57,2.60897 , 0.00000, 2.68390,2.00000,1500.00000,0.01400,99.56294
859,17.8958,291.187,145.667,750.893,1.14300,1.87700,57,57,2.60897 , 0.00000, 2.68663,2.00000,1500.00000,0.01400,99.56380
860,17.9167,291.412,147.172,756.902,1.14300,1.87700,57,57,2.60897 , 0.00000, 2.68936,2.00000,1500.00000,0.01400,99.56464
861,17.9375,291.427,146.857,757.315,1.14300,1.87700,57,57,2.60897 , 0.00000, 2.69209,2.00000,1500.00000,0.01400,99.56550
862,17.9583,291.409,146.84,757.343,1.14300,1.87700,57,57,2.60897 , 0.00000, 2.69481,2.00000,1500.00000,0.01400,99.56635
863,17.9792,291.408,146.837,757.335,1.14300,1.87700,57,57,2.60897 , 0.00000, 2.69754,2.00000,1500.00000,0.01400,99.56720
864,18,286.292,144.247,744.116,1.14300,1.87700,56,57,2.60897 , 0.00000, 2.70027,2.00000,1500.00000,0.01400,99.56805
865,18.0208,286.292,144.247,744.116,1.14300,1.87700,55,56,2.60897 , 0.00000, 2.70300,2.00000,1500.00000,0.01400,99.56889
866,18.0417,281.177,141.656,730.897,1.14300,1.87700,55,56,2.60897 , 0.00000, 2.70573,2.00000,1500.00000,0.01400,99.56974
867,18.0625,281.177,141.656,730.897,1.14300,1.87700,55,56,2.60897 , 0.00000, 2.70846,2.00000,1500.00000,0.01400,99.57058
868,18.0833,276.177,139.656,720.897,1.14300,1.87700,55,57,2.60897 , 0.00000, 2.71118,2.00000,1500.00000,0.01400,99.57143
869,18.1042,281.177,141.656,730.897,1.14300,1.87700,55,57,2.60897 , 0.00000, 2.71391,2.00000,1500.00000,0.01400,99.57227
870,18.125,276.179,139.823,720.679,1.14300,1.87700,54,57,2.60897 , 0.00000, 2.71664,2.00000,1500.00000,0.01400,99.57311
871,18.1458,276.071,139.075,717.668,1.14300,1.87700,55,57,2.60897 , 0.00000, 2.71937,2.00000,1500.00000,0.01400,99.57395
872,18.1667,281.179,141.824,730.683,1.14300,1.87700,56,57,2.60897 , 0.00000, 2.72210,2.00000,1500.00000,0.01400,99.57479
873,18.1875,286.419,145.014,747.106,1.14300,1.87700,56,57,2.60897 , 0.00000, 2.72483,2.00000,1500.00000,0.01400,99.57563
874,18.2083,281.305,142.272,740.547,1.14300,1.87700,55,58,2.60897 , 0.00000, 2.72755,2.00000,1500.00000,0.01400,99.57647
875,18.2292,281.25,142.03,741.204,1.14300,1.87700,55,58,2.60897 , 0.00000, 2.73028,2.00000,1500.00000,0.01400,99.57731
876,18.25,281.238,142.006,741.219,1.14300,1.87700,53,55,2.60897 , 0.00000, 2.73301,2.00000,1500.00000,0.01400,99.57814
877,18.2708,270.891,136.233,711.553,1.14300,1.87700,54,55,2.60897 , 0.00000, 2.73574,2.00000,1500.00000,0.01400,99.57898
878,18.2917,260.662,131.218,684.895,1.14300,1.87700,51,58,2.60897 , 0.00000, 2.73847,2.00000,1500.00000,0.01400,99.57981
879,18.3125,260.787,131.819,688.104,1.14300,1.87700,53,58,2.60897 , 0.00000, 2.74119,2.00000,1500.00000,0.01400,99.58064
880,18.3333,265.67,133.063,695.108,1.14400,1.87800,54,59,2.60897 , 0.00000, 2.74392,2.00000,1500.00000,0.01400,99.58147
881,18.3542,275.778,137.81,718.118,1.14400,1.87800,56,59,2.60897 , 0.00000, 2.74665,2.00000,1500.00000,0.01400,99.58231
882,18.375,280.904,140.576,731.104,1.14400,1.87800,55,59,2.60897 , 0.00000, 2.74938,2.00000,1500.00000,0.01400,99.58314
883,18.3958,281.144,141.769,737.535,1.14400,1.87800,57,59,2.60897 , 0.00000, 2.75211,2.00000,1500.00000,0.01400,99.58397
884,18.4167,286.026,142.846,744.758,1.14400,1.87800,56,60,2.60897 , 0.00000, 2.75484,2.00000,1500.00000,0.01400,99.58480
885,18.4375,286.242,144.341,750.779,1.14400,1.87800,55,59,2.60897 , 0.00000, 2.75757,2.00000,1500.00000,0.01400,99.58562
886,18.4583,281.142,141.601,737.75,1.14400,1.87800,56,59,2.60897 , 0.00000, 2.76029,2.00000,1500.00000,0.01400,99.58646
887,18.4792,286.249,144.185,750.987,1.14400,1.87800,56,59,2.60897 , 0.00000, 2.76302,2.00000,1500.00000,0.01400,99.58728
888,18.5,286.364,144.774,754.202,1.14400,1.87800,55,58,2.60897 , 0.00000, 2.76575,2.00000,1500.00000,0.01400,99.58810
889,18.5208,281.247,142.016,741.202,1.14400,1.87800,55,58,2.60897 , 0.00000, 2.76848,2.00000,1500.00000,0.01400,99.58893
890,18.5417,281.238,142.006,741.212,1.14400,1.87800,57,58,2.60897 , 0.00000, 2.77121,2.00000,1500.00000,0.01400,99.58975
891,18.5625,291.237,146.005,761.207,1.14400,1.87800,57,58,2.60897 , 0.00000, 2.77394,2.00000,1500.00000,0.01400,99.59058
892,18.5833,291.471,147.52,767.207,1.15400,1.88400,57,58,2.60897 , 0.00000, 2.77666,2.00000,1500.00000,0.01400,99.59139
893,18.6042,291.237,146.005,761.207,1.15400,1.88400,57,58,2.60897 , 0.00000, 2.77939,2.00000,1500.00000,0.01400,99.59222
894,18.625,281.123,141.581,737.77,1.15400,1.88400,55,60,2.60897 , 0.00000, 2.78212,2.00000,1500.00000,0.01400,99.59303
895,18.6458,281.131,141.424,737.978,1.15400,1.88400,56,60,2.60897 , 0.00000, 2.78485,2.00000,1500.00000,0.01400,99.59385
896,18.6667,281.239,142.173,740.992,1.15400,1.88400,57,61,2.60897 , 0.00000, 2.78758,2.00000,1500.00000,0.01400,99.59467
897,18.6875,291.247,146.015,761.197,1.15400,1.88400,59,61,2.60897 , 0.00000, 2.79031,2.00000,1500.00000,0.01400,99.59549
898,18.7083,301.472,151.522,787.211,1.15600,1.88500,59,61,2.60897 , 0.00000, 2.79303,2.00000,1500.00000,0.01400,99.59630
899,18.7292,301.604,151.964,790.624,1.15600,1.88500,59,61,2.60897 , 0.00000, 2.79576,2.00000,1500.00000,0.01400,99.59711
900,18.75,301.711,152.548,793.861,1.15600,1.88500,59,61,2.60897 , 0.00000, 2.79849,2.00000,1500.00000,0.01400,99.59793
901,18.7708,301.709,152.379,794.077,1.15600,1.88500,59,61,2.60897 , 0.00000, 2.80122,2.00000,1500.00000,0.01400,99.59875
902,18.7917,286.381,144.718,750.885,1.15600,1.88500,56,64,2.60897 , 0.00000, 2.80395,2.00000,1500.00000,0.01400,99.59956
903,18.8125,286.38,144.712,747.498,1.15600,1.88500,57,64,2.60897 , 0.00000, 2.80667,2.00000,1500.00000,0.01400,99.60036
904,18.8333,286.191,143.756,737.34,1.15600,1.88500,57,65,2.60897 , 0.00000, 2.80940,2.00000,1500.00000,0.01400,99.60117
905,18.8542,291.439,147.3,756.392,1.15600,1.88500,58,65,2.60897 , 0.00000, 2.81213,2.00000,1500.00000,0.01400,99.60199
906,18.875,296.533,149.609,770.302,1.15600,1.88500,61,65,2.60897 , 0.00000, 2.81486,2.00000,1500.00000,0.01400,99.60280
907,18.8958,311.653,156.211,809.981,1.15600,1.88500,62,65,2.60897 , 0.00000, 2.81759,2.00000,1500.00000,0.01400,99.60360
908,18.9167,311.842,157.494,816.631,1.15600,1.88500,63,65,2.60897 , 0.00000, 2.82032,2.00000,1500.00000,0.01400,99.60441
909,18.9375,321.961,161.748,840.286,1.15600,1.88500,64,65,2.60897 , 0.00000, 2.82305,2.00000,1500.00000,0.01400,99.60522
910,18.9583,316.829,159.306,826.868,1.16000,1.89200,62,67,2.60897 , 0.00000, 2.82577,2.00000,1500.00000,0.01400,99.60602
911,18.9792,316.943,159.894,830.077,1.16000,1.89200,61,65,2.60897 , 0.00000, 2.82850,2.00000,1500.00000,0.01400,99.60683
912,19,311.835,157.146,817.066,1.16000,1.89200,61,64,2.60897 , 0.00000, 2.83123,2.00000,1500.00000,0.01400,99.60763
913,19.0208,311.826,157.138,817.08,1.16000,1.89200,61,64,2.60897 , 0.00000, 2.83396,2.00000,1500.00000,0.01400,99.60843
914,19.0417,311.941,157.727,820.295,1.16000,1.89200,62,64,2.60897 , 0.00000, 2.83669,2.00000,1500.00000,0.01400,99.60923
915,19.0625,316.94,159.56,830.513,1.16000,1.89200,62,64,2.60897 , 0.00000, 2.83942,2.00000,1500.00000,0.01400,99.61003
916,19.0833,317.047,160.308,833.523,1.16000,1.89200,62,64,2.60897 , 0.00000, 2.84214,2.00000,1500.00000,0.01400,99.61083
917,19.1042,317.054,160.15,833.728,1.16000,1.89200,62,64,2.60897 , 0.00000, 2.84487,2.00000,1500.00000,0.01400,99.61163
918,19.125,311.93,157.551,820.523,1.16000,1.89200,60,65,2.60897 , 0.00000, 2.84760,2.00000,1500.00000,0.01400,99.61243
919,19.1458,306.842,155.079,803.755,1.16000,1.89200,61,65,2.60897 , 0.00000, 2.85033,2.00000,1500.00000,0.01400,99.61323
920,19.1667,311.841,157.075,810.372,1.16000,1.89200,63,65,2.60897 , 0.00000, 2.85306,2.00000,1500.00000,0.01400,99.61402
921,19.1875,321.973,161.937,833.197,1.16000,1.89200,64,65,2.60897 , 0.00000, 2.85579,2.00000,1500.00000,0.01400,99.61481
922,19.2083,327.23,165.329,855.84,1.16500,1.89800,64,65,2.60897 , 0.00000, 2.85851,2.00000,1500.00000,0.01400,99.61561
923,19.2292,327.193,164.776,856.93,1.16500,1.89800,64,65,2.60897 , 0.00000, 2.86124,2.00000,1500.00000,0.01400,99.61640
924,19.25,322.192,163.023,843.212,1.16500,1.89800,63,64,2.60897 , 0.00000, 2.86397,2.00000,1500.00000,0.01400,99.61720
925,19.2708,322.082,162.266,836.803,1.16500,1.89800,62,63,2.60897 , 0.00000, 2.86670,2.00000,1500.00000,0.01400,99.61799
926,19.2917,317.096,160.54,826.426,1.16500,1.89800,62,63,2.60897 , 0.00000, 2.86943,2.00000,1500.00000,0.01400,99.61878
927,19.3125,316.994,159.8,823.414,1.16500,1.89800,62,63,2.60897 , 0.00000, 2.87215,2.00000,1500.00000,0.01400,99.61957
928,19.3333,311.87,157.202,810.213,1.16500,1.89800,61,64,2.60897 , 0.00000, 2.87488,2.00000,1500.00000,0.01400,99.62036
929,19.3542,311.87,157.2,810.209,1.16500,1.89800,61,64,2.60897 , 0.00000, 2.87761,2.00000,1500.00000,0.01400,99.62115
930,19.375,311.987,157.958,813.209,1.16500,1.89800,60,63,2.60897 , 0.00000, 2.88034,2.00000,1500.00000,0.01400,99.62193
931,19.3958,306.907,155.331,796.653,1.16500,1.89800,62,63,2.60897 , 0.00000, 2.88307,2.00000,1500.00000,0.01400,99.62273
932,19.4167,316.897,159.318,813.286,1.16600,1.90000,63,63,2.60897 , 0.00000, 2.88580,2.00000,1500.00000,0.01400,99.62351
933,19.4375,322.035,162.189,826.112,1.16600,1.90000,62,62,2.60897 , 0.00000, 2.88853,2.00000,1500.00000,0.01400,99.62429
934,19.4583,317.051,160.209,816.104,1.16600,1.90000,62,62,2.60897 , 0.00000, 2.89125,2.00000,1500.00000,0.01400,99.62508
935,19.4792,317.05,160.044,816.33,1.16600,1.90000,62,62,2.60897 , 0.00000, 2.89398,2.00000,1500.00000,0.01400,99.62586
936,19.5,317.041,160.034,816.341,1.16600,1.90000,62,62,2.60897 , 0.00000, 2.89671,2.00000,1500.00000,0.01400,99.62664
937,19.5208,317.04,160.032,816.337,1.16600,1.90000,62,62,2.60897 , 0.00000, 2.89944,2.00000,1500.00000,0.01400,99.62743
938,19.5417,317.04,160.033,816.337,1.16600,1.90000,62,62,2.60897 , 0.00000, 2.90217,2.00000,1500.00000,0.01400,99.62820
939,19.5625,317.04,160.033,816.337,1.16600,1.90000,62,62,2.60897 , 0.00000, 2.90490,2.00000,1500.00000,0.01400,99.62899
940,19.5833,312.042,158.199,806.118,1.16600,1.90000,61,63,2.60897 , 0.00000, 2.90762,2.00000,1500.00000,0.01400,99.62977
941,19.6042,312.05,158.042,806.326,1.16600,1.90000,62,63,2.60897 , 0.00000, 2.91035,2.00000,1500.00000,0.01400,99.63055
942,19.625,311.925,157.443,803.122,1.16600,1.90000,62,64,2.60897 , 0.00000, 2.91308,2.00000,1500.00000,0.01400,99.63132
943,19.6458,317.042,160.199,816.118,1.16600,1.90000,62,64,2.60897 , 0.00000, 2.91581,2.00000,1500.00000,0.01400,99.63210
944,19.6667,317.167,160.8,819.326,1.16600,1.90100,62,64,2.60897 , 0.00000, 2.91854,2.00000,1500.00000,0.01400,99.63287
945,19.6875,317.041,160.034,816.341,1.16600,1.90100,63,64,2.60897 , 0.00000, 2.92127,2.00000,1500.00000,0.01400,99.63365
946,19.7083,322.04,162.032,826.337,1.16600,1.90100,63,64,2.60897 , 0.00000, 2.92399,2.00000,1500.00000,0.01400,99.63442
947,19.7292,322.274,163.548,832.337,1.16600,1.90100,64,64,2.60897 , 0.00000, 2.92672,2.00000,1500.00000,0.01400,99.63520
948,19.75,327.29,165.234,842.754,1.16600,1.90100,63,63,2.60897 , 0.00000, 2.92945,2.00000,1500.00000,0.01400,99.63597
949,19.7708,322.274,163.384,832.564,1.16600,1.90100,63,63,2.60897 , 0.00000, 2.93218,2.00000,1500.00000,0.01400,99.63674
950,19.7917,322.281,163.224,832.765,1.16600,1.90100,63,63,2.60897 , 0.00000, 2.93491,2.00000,1500.00000,0.01400,99.63751
951,19.8125,322.272,163.215,832.778,1.16600,1.90100,63,63,2.60897 , 0.00000, 2.93764,2.00000,1500.00000,0.01400,99.63828
952,19.8333,322.271,163.214,832.774,1.16600,1.90100,63,63,2.60897 , 0.00000, 2.94036,2.00000,1500.00000,0.01400,99.63905
953,19.8542,322.271,163.214,832.774,1.16600,1.90100,63,63,2.60897 , 0.00000, 2.94309,2.00000,1500.00000,0.01400,99.63982
954,19.875,322.271,163.214,832.774,1.16600,1.90100,63,63,2.60897 , 0.00000, 2.94582,2.00000,1500.00000,0.01400,99.64059
955,19.8958,322.271,163.214,832.774,1.16600,1.90100,63,63,2.60897 , 0.00000, 2.94855,2.00000,1500.00000,0.01400,99.64136
956,19.9167,322.271,163.214,832.774,1.16600,1.90100,63,63,2.60897 , 0.00000, 2.95128,2.00000,1500.00000,0.01400,99.64212
957,19.9375,322.271,163.214,832.774,1.16600,1.90100,63,63,2.60897 , 0.00000, 2.95401,2.00000,1500.00000,0.01400,99.64289
958,19.9583,322.271,163.214,832.774,1.16600,1.90100,63,63,2.60897 , 0.00000, 2.95673,2.00000,1500.00000,0.01400,99.64365
959,19.9792,322.271,163.214,832.774,1.16600,1.90100,63,63,2.60897 , 0.00000, 2.95946,2.00000,1500.00000,0.01400,99.64442
960,20,312.04,158.033,806.337,1.16600,1.90100,60,64,2.60897 , 0.00000, 2.96219,2.00000,1500.00000,0.01400,99.64518
961,20.0208,306.925,155.442,793.118,1.16600,1.90100,60,64,2.60897 , 0.00000, 2.96492,2.00000,1500.00000,0.01400,99.64594
962,20.0417,306.925,155.442,793.118,1.16600,1.90100,61,64,2.60897 , 0.00000, 2.96765,2.00000,1500.00000,0.01400,99.64671
963,20.0625,311.925,157.442,803.118,1.16600,1.90100,61,64,2.60897 , 0.00000, 2.97038,2.00000,1500.00000,0.01400,99.64746
964,20.0833,312.042,158.199,806.118,1.16600,1.90100,61,64,2.60897 , 0.00000, 2.97310,2.00000,1500.00000,0.01400,99.64822
965,20.1042,312.05,158.043,806.326,1.16600,1.90100,62,64,2.60897 , 0.00000, 2.97583,2.00000,1500.00000,0.01400,99.64898
966,20.125,311.925,157.443,803.122,1.16600,1.90100,62,65,2.60897 , 0.00000, 2.97856,2.00000,1500.00000,0.01400,99.64974
967,20.1458,317.042,160.199,816.118,1.16600,1.90100,63,65,2.60897 , 0.00000, 2.98129,2.00000,1500.00000,0.01400,99.65050
968,20.1667,317.051,160.209,816.108,1.16600,1.90100,62,65,2.60897 , 0.00000, 2.98402,2.00000,1500.00000,0.01400,99.65125
969,20.1875,317.167,160.802,819.331,1.16600,1.90100,61,64,2.60897 , 0.00000, 2.98675,2.00000,1500.00000,0.01400,99.65201
970,20.2083,306.935,155.453,793.113,1.16600,1.90100,60,65,2.60897 , 0.00000, 2.98947,2.00000,1500.00000,0.01400,99.65276
971,20.2292,306.925,155.443,793.123,1.16600,1.90100,61,65,2.60897 , 0.00000, 2.99220,2.00000,1500.00000,0.01400,99.65352
972,20.25,306.925,155.442,793.119,1.16600,1.90100,62,66,2.60897 , 0.00000, 2.99493,2.00000,1500.00000,0.01400,99.65427
973,20.2708,316.927,159.456,819.555,1.16600,1.90100,64,66,2.60897 , 0.00000, 2.99766,2.00000,1500.00000,0.01400,99.65503
974,20.2917,327.116,164.739,846.201,1.16600,1.90100,66,66,2.60897 , 0.00000, 3.00039,2.00000,1500.00000,0.01400,99.65578
975,20.3125,337.354,169.918,872.638,1.16600,1.90100,66,66,2.60897 , 0.00000, 3.00312,2.00000,1500.00000,0.01400,99.65653
976,20.3333,327.239,165.329,849.418,1.16600,1.90100,64,68,2.60897 , 0.00000, 3.00584,2.00000,1500.00000,0.01400,99.65728
977,20.3542,327.236,164.995,849.854,1.16600,1.90100,64,68,2.60897 , 0.00000, 3.00857,2.00000,1500.00000,0.01400,99.65803
978,20.375,322.219,163.142,839.656,1.16600,1.90100,64,68,2.60897 , 0.00000, 3.01130,2.00000,1500.00000,0.01400,99.65878
979,20.3958,327.225,164.982,849.856,1.16600,1.90100,66,68,2.60897 , 0.00000, 3.01403,2.00000,1500.00000,0.01400,99.65953
980,20.4167,337.335,169.745,879.307,1.16600,1.90100,66,68,2.60897 , 0.00000, 3.01676,2.00000,1500.00000,0.01400,99.66027
981,20.4375,337.532,170.87,886.157,1.16600,1.90100,66,68,2.60897 , 0.00000, 3.01948,2.00000,1500.00000,0.01400,99.66102
982,20.4583,337.527,170.525,886.608,1.16600,1.90100,67,68,2.60897 , 0.00000, 3.02221,2.00000,1500.00000,0.01400,99.66177
983,20.4792,342.508,172.505,896.623,1.16600,1.90100,68,68,2.60897 , 0.00000, 3.02494,2.00000,1500.00000,0.01400,99.66251
984,20.5,347.624,175.26,909.613,1.16600,1.90100,67,67,2.60897 , 0.00000, 3.02767,2.00000,1500.00000,0.01400,99.66325
985,20.5208,342.633,173.27,899.602,1.16600,1.90100,67,67,2.60897 , 0.00000, 3.03040,2.00000,1500.00000,0.01400,99.66400
986,20.5417,342.632,173.105,899.825,1.16600,1.90100,67,67,2.60897 , 0.00000, 3.03313,2.00000,1500.00000,0.01400,99.66474
987,20.5625,342.623,173.095,899.835,1.16600,1.90100,67,67,2.60897 , 0.00000, 3.03586,2.00000,1500.00000,0.01400,99.66548
988,20.5833,337.507,170.502,886.612,1.16600,1.90100,66,68,2.60897 , 0.00000, 3.03858,2.00000,1500.00000,0.01400,99.66623
989,20.6042,337.507,170.503,886.612,1.16600,1.90100,67,68,2.60897 , 0.00000, 3.04131,2.00000,1500.00000,0.01400,99.66697
990,20.625,342.507,172.503,896.612,1.16600,1.90100,67,68,2.60897 , 0.00000, 3.04404,2.00000,1500.00000,0.01400,99.66771
991,20.6458,342.624,173.26,899.612,1.16600,1.90100,66,67,2.60897 , 0.00000, 3.04677,2.00000,1500.00000,0.01400,99.66845
992,20.6667,337.516,170.512,886.602,1.16600,1.90100,66,67,2.60897 , 0.00000, 3.04950,2.00000,1500.00000,0.01400,99.66918
993,20.6875,337.507,170.504,886.616,1.16600,1.90100,66,67,2.60897 , 0.00000, 3.05223,2.00000,1500.00000,0.01400,99.66992
994,20.7083,332.391,167.912,873.394,1.16600,1.90100,66,68,2.60897 , 0.00000, 3.05495,2.00000,1500.00000,0.01400,99.67066
995,20.7292,337.391,169.912,883.393,1.16600,1.90100,66,68,2.60897 , 0.00000, 3.05768,2.00000,1500.00000,0.01400,99.67139
996,20.75,327.277,165.488,859.956,1.16600,1.90100,64,70,2.60897 , 0.00000, 3.06041,2.00000,1500.00000,0.01400,99.67213
997,20.7708,327.285,165.331,860.164,1.16600,1.90100,66,70,2.60897 , 0.00000, 3.06314,2.00000,1500.00000,0.01400,99.67287
998,20.7917,332.161,166.732,866.96,1.16600,1.90100,67,72,2.60897 , 0.00000, 3.06587,2.00000,1500.00000,0.01400,99.67360
999,20.8125,342.395,172.246,892.956,1.16600,1.90100,68,72,2.60897 , 0.00000, 3.06860,2.00000,1500.00000,0.01400,99.67433
1000,20.8333,347.529,174.856,906.154,1.16600,1.90100,69,72,2.60897 , 0.00000, 3.07132,2.00000,1500.00000,0.01400,99.67506
1001,20.8542,352.644,177.283,919.6,1.16600,1.90100,69,72,2.60897 , 0.00000, 3.07405,2.00000,1500.00000,0.01400,99.67580
1002,20.875,352.867,178.621,925.83,1.16600,1.90100,68,71,2.60897 , 0.00000, 3.07678,2.00000,1500.00000,0.01400,99.67653
1003,20.8958,347.757,175.705,913.034,1.16600,1.90100,69,71,2.60897 , 0.00000, 3.07951,2.00000,1500.00000,0.01400,99.67726
1004,20.9167,342.508,172.506,896.621,1.16800,1.90100,67,73,2.60897 , 0.00000, 3.08224,2.00000,1500.00000,0.01400,99.67799
1005,20.9375,342.507,172.502,896.613,1.16800,1.90100,68,73,2.60897 , 0.00000, 3.08496,2.00000,1500.00000,0.01400,99.67872
1006,20.9583,342.508,172.669,896.393,1.16800,1.90100,67,75,2.60897 , 0.00000, 3.08769,2.00000,1500.00000,0.01400,99.67944
1007,20.9792,342.633,173.27,899.602,1.16800,1.90100,69,75,2.60897 , 0.00000, 3.09042,2.00000,1500.00000,0.01400,99.68017
1008,21,352.632,177.105,919.825,1.16800,1.90100,69,74,2.60897 , 0.00000, 3.09315,2.00000,1500.00000,0.01400,99.68090
1009,21.0208,352.741,178.019,922.617,1.16800,1.90100,70,74,2.60897 , 0.00000, 3.09588,2.00000,1500.00000,0.01400,99.68163
1010,21.0417,357.758,179.871,932.811,1.16900,1.90100,70,74,2.60897 , 0.00000, 3.09861,2.00000,1500.00000,0.01400,99.68235
